season,full_name,epa,value_per_game
2022,A.Abdullah,-2.0956628,0.0
2022,A.Baccellia,1.4270979,0.083946936
2022,A.Beck,-6.8513594,0.0
2022,A.Brown,40.03994,2.3552907
2022,A.Cooper,47.537483,2.7963226
2022,A.Dalton,-1.4545946,0.0
2022,A.Davis,2.2809513,0.1341736
2022,A.Dillon,-3.5504932,0.0
2022,A.Dulin,8.643825,0.5084603
2022,A.Ekeler,5.7960887,0.3409464
2022,A.Firkser,2.5137517,0.14786775
2022,A.Gibson,-12.6533165,0.0
2022,A.Green,-17.966923,0.0
2022,A.Hooper,26.1507,1.5382764
2022,A.Ingold,1.96479,0.11557588
2022,A.Isabella,-0.20149559,0.0
2022,A.Jones,9.822725,0.57780737
2022,A.Kamara,-44.451324,0.0
2022,A.Lazard,7.307299,0.42984113
2022,A.Lee,2.864477,0.16849864
2022,A.Mattison,4.5087414,0.26522008
2022,A.McFarland,0.31920594,0.01877682
2022,A.Okwuegbunam,-2.286851,0.0
2022,A.Pierce,19.428833,1.1428726
2022,A.Prentice,1.128594,0.066387884
2022,A.Rodgers,-18.779419,0.0
2022,A.Rogers,5.072303,0.29837075
2022,A.Schwartz,-3.981617,0.0
2022,A.St. Brown,62.04701,3.6498241
2022,A.Thielen,14.459858,0.85057986
2022,A.Trammell,0.35552824,0.020913426
2022,A.Trautman,8.5329,0.5019353
2022,A.Williams,-0.8680302,0.0
2022,Al.Robinson,9.003205,0.5296003
2022,Am.Rodgers,-3.7773173,0.0
2022,B.Aiyuk,49.556255,2.9150739
2022,B.Allen,-0.22035766,0.0
2022,B.Anger,-4.8814077,0.0
2022,B.Bell,0.96804345,0.056943733
2022,B.Berrios,-1.5955138,0.0
2022,B.Bolden,-5.261496,0.0
2022,B.Cooks,4.541013,0.2671184
2022,B.Edwards,-5.9509935,0.0
2022,B.Ellefson,0.74538743,0.04384632
2022,B.Gabbert,0.21524405,0.012661415
2022,B.Hopkins,0.9469367,0.05570216
2022,B.Hoyer,-2.126524,0.0
2022,B.Johnson,-12.879827,0.0
2022,B.Jordan,-13.691266,0.0
2022,B.Mann,0.89204407,0.05247318
2022,B.Mayfield,-64.95981,0.0
2022,B.Perkins,-16.184364,0.0
2022,B.Perriman,-6.011831,0.0
2022,B.Powell,1.6808083,0.098871075
2022,B.Pringle,8.891197,0.5230116
2022,B.Purdy,45.946266,2.7027216
2022,B.Robinson,-8.295864,0.0
2022,B.Rypien,-29.770494,0.0
2022,B.Sanders,-5.9489136,0.0
2022,B.Scott,-4.30095,0.0
2022,B.Skowronek,-3.5146713,0.0
2022,B.Snell,5.8946743,0.34674555
2022,B.Wright,16.810106,0.9888298
2022,B.Zappe,0.3427019,0.020158935
2022,Br.Hall,12.456418,0.73273045
2022,C.Akers,-9.126303,0.0
2022,C.Beasley,-2.8207147,0.0
2022,C.Beathard,-11.601141,0.0
2022,C.Board,0.20860909,0.012271123
2022,C.Brate,-11.176392,0.0
2022,C.Claypool,-1.0242815,0.0
2022,C.Clement,1.8509123,0.1088772
2022,C.Conley,0.42514545,0.025008556
2022,C.Daniel,1.6214254,0.09537797
2022,C.Davis,11.822725,0.6954544
2022,C.Edmonds,-10.646398,0.0
2022,C.Edwards-Helaire,12.226534,0.7192079
2022,C.Evans,2.309825,0.13587205
2022,C.Fejedelem,-3.773301,0.0
2022,C.Godwin,30.069262,1.7687801
2022,C.Ham,6.775987,0.39858747
2022,C.Henne,-4.3070264,0.0
2022,C.Hollister,-4.3835883,0.0
2022,C.Hubbard,3.5619192,0.20952466
2022,C.Huntley,3.216454,0.18920317
2022,C.Johnson,3.7663617,0.22155069
2022,C.Keenum,-11.177822,0.0
2022,C.Kirk,28.220484,1.6600285
2022,C.Kmet,12.370281,0.7276636
2022,C.Kolar,2.5718203,0.15128355
2022,C.Kupp,17.185282,1.010899
2022,C.Lamb,69.17681,4.0692244
2022,C.Manhertz,-0.69297624,0.0
2022,C.McCaffrey,30.880068,1.8164746
2022,C.McCoy,-36.743626,0.0
2022,C.Moore,12.017732,0.7069254
2022,C.Myarick,7.242675,0.4260397
2022,C.Okonkwo,20.661695,1.2153939
2022,C.Olave,24.85635,1.4621382
2022,C.Otton,7.326562,0.43097425
2022,C.Parkinson,7.3392515,0.43172067
2022,C.Patterson,-18.389444,0.0
2022,C.Reynolds,1.7472429,0.10277899
2022,C.Rush,-18.152678,0.0
2022,C.Samuel,22.453262,1.3207802
2022,C.Sims,-8.603708,0.0
2022,C.Streveler,-2.4659734,0.0
2022,C.Sutton,24.001537,1.4118551
2022,C.Turner,-6.7493825,0.0
2022,C.Uzomah,11.2493305,0.66172534
2022,C.Watson,37.360443,2.197673
2022,C.Wentz,-33.846664,0.0
2022,C.White,-0.41592732,0.0
2022,C.Wilson,7.701972,0.45305717
2022,C.Woerner,-1.416158,0.0
2022,Co.Heyward,4.8047624,0.28263307
2022,D.Adams,28.389542,1.669973
2022,D.Arnold,5.848696,0.34404096
2022,D.Asiasi,-1.4640744,0.0
2022,D.Bakhtiari,-5.99149,0.0
2022,D.Baldwin,1.7913616,0.10537421
2022,D.Bellinger,12.949195,0.7617173
2022,D.Blough,-9.835382,0.0
2022,D.Brown,5.867839,0.34516698
2022,D.Byrd,7.5584803,0.4446165
2022,D.Carr,14.508707,0.85345334
2022,D.Carter,11.156099,0.6562411
2022,D.Chark,21.153133,1.2443019
2022,D.Cook,-52.235455,0.0
2022,D.Dallas,-3.2234929,0.0
2022,D.Duvernay,25.126427,1.4780251
2022,D.Eskridge,-1.517968,0.0
2022,D.Evans,5.5416365,0.3259786
2022,D.Felton,-2.753882,0.0
2022,D.Foreman,-6.8971734,0.0
2022,D.Goedert,54.54083,3.2082841
2022,D.Gray,-2.1408587,0.0
2022,D.Harris,-8.9107685,0.0
2022,D.Harty,-1.2107297,0.0
2022,D.Henderson,-0.8201076,0.0
2022,D.Henry,-7.720623,0.0
2022,D.Hilliard,6.3377852,0.3728109
2022,D.Hopkins,6.771718,0.39833635
2022,D.Houston,-5.0536222,0.0
2022,D.Jackson,-22.52581,0.0
2022,D.Johnson,-11.754451,0.0
2022,D.Jones,52.663986,3.0978816
2022,D.Knox,22.306389,1.3121405
2022,D.Leavitt,-3.2366855,0.0
2022,D.London,12.795356,0.75266796
2022,D.Metcalf,18.44857,1.08521
2022,D.Mills,-72.08023,0.0
2022,D.Milne,2.490645,0.14650853
2022,D.Mims,-2.8420877,0.0
2022,D.Montgomery,-8.591093,0.0
2022,D.Mooney,13.88954,0.81703174
2022,D.Moore,18.980795,1.1165173
2022,D.Njoku,22.174997,1.3044116
2022,D.Ogunbowale,-19.456734,0.0
2022,D.Ozigbo,-1.6822027,0.0
2022,D.Parham,8.2104025,0.48296484
2022,D.Parker,15.647542,0.92044365
2022,D.Patmon,-7.643116,0.0
2022,D.Peoples-Jones,18.027649,1.06045
2022,D.Pettis,-13.485901,0.0
2022,D.Pierce,-36.76452,0.0
2022,D.Prescott,67.76425,3.9861324
2022,D.Ridder,-18.439566,0.0
2022,D.Robinson,7.5783157,0.4457833
2022,D.Sample,-3.0159645,0.0
2022,D.Samuel,-0.67474174,0.0
2022,D.Schultz,7.175561,0.4220918
2022,D.Sills,4.9024253,0.28837797
2022,D.Singletary,-10.265184,0.0
2022,D.Slayton,32.759254,1.927015
2022,D.Smith,67.54721,3.9733653
2022,D.Smythe,2.0542774,0.12083985
2022,D.Swift,14.673554,0.86315024
2022,D.Thompkins,-3.9824066,0.0
2022,D.Turner,-0.62612826,0.0
2022,D.Waller,4.8993654,0.28819796
2022,D.Washington,-2.8018298,0.0
2022,D.Watson,-23.950272,0.0
2022,D.Watt,3.977243,0.23395547
2022,D.Webb,4.4124174,0.25955397
2022,D.Williams,-2.2908742,0.0
2022,D.Young,2.7640913,0.1625936
2022,Dav.Bell,-11.099134,0.0
2022,E.Benjamin,2.5546765,0.1502751
2022,E.Elliott,-22.3646,0.0
2022,E.Engram,36.121815,2.1248126
2022,E.Ezukanma,-1.0125226,0.0
2022,E.Mitchell,4.6313796,0.2724341
2022,E.Moore,0.39248657,0.023087446
2022,E.Saubert,-2.877889,0.0
2022,E.St. Brown,4.2959538,0.25270316
2022,E.Tomlinson,7.262343,0.42719665
2022,F.Darby,1.2657944,0.074458495
2022,F.Franks,-1.9329469,0.0
2022,F.Moreau,8.415478,0.4950281
2022,F.Swain,-3.900426,0.0
2022,G.Bernard,-8.138878,0.0
2022,G.Brightwell,-3.3731873,0.0
2022,G.Calcaterra,2.0779967,0.122235104
2022,G.Davis,17.567692,1.0333936
2022,G.Dortch,14.029792,0.82528186
2022,G.Dulcich,0.46830857,0.027547562
2022,G.Edwards,1.5867647,0.0933391
2022,G.Everett,12.845634,0.75562555
2022,G.Igwebuike,-4.2161064,0.0
2022,G.Kittle,51.4644,3.0273178
2022,G.Minshew,-8.402962,0.0
2022,G.Olszewski,2.5182457,0.1481321
2022,G.Pickens,47.432762,2.7901626
2022,G.Ricci,3.742291,0.22013476
2022,G.Smith,8.006798,0.4709881
2022,G.Swaim,-1.832334,0.0
2022,G.Wilson,30.760704,1.8094531
2022,H.Bryant,3.7923012,0.22307654
2022,H.Haskins,-6.093991,0.0
2022,H.Henry,13.664597,0.8037998
2022,H.Hurst,25.545992,1.5027055
2022,H.Long,-0.5341842,0.0
2022,H.Renfrow,3.0979152,0.18223031
2022,I.Hodgins,16.286089,0.95800525
2022,I.Likely,-5.3532324,0.0
2022,I.McKenzie,13.303711,0.78257126
2022,I.Pacheco,7.908594,0.46521142
2022,I.Smith,-4.1317625,0.0
2022,I.Smith-Marsette,-8.928142,0.0
2022,I.Spiller,-7.261182,0.0
2022,I.Thomas,4.008337,0.23578453
2022,J.Agnew,6.737794,0.39634082
2022,J.Akins,21.46381,1.262577
2022,J.Ali,-0.5190199,0.0
2022,J.Allen,119.95812,7.0563602
2022,J.Bates,-2.8533657,0.0
2022,J.Brissett,32.597687,1.917511
2022,J.Brown,-1.345151,0.0
2022,J.Burrow,102.88395,6.051997
2022,J.Cabinda,-1.2906432,0.0
2022,J.Camp,0.5108519,0.030050114
2022,J.Chase,41.380642,2.4341555
2022,J.Chestnut,-4.205697,0.0
2022,J.Conklin,-1.5234389,0.0
2022,J.Conner,-8.528196,0.0
2022,J.Cook,6.242487,0.3672051
2022,J.Crowder,-1.096483,0.0
2022,J.Darden,0.4570039,0.026882581
2022,J.Deguara,3.4746857,0.20439327
2022,J.Dobbins,12.869074,0.7570043
2022,J.Dobbs,-7.187107,0.0
2022,J.Dotson,20.0932,1.181953
2022,J.Driskel,-11.163203,0.0
2022,J.Eason,-2.261282,0.0
2022,J.Ferguson,10.313135,0.606655
2022,J.Fields,-18.898392,0.0
2022,J.Flacco,-30.28778,0.0
2022,J.Ford,-3.4290981,0.0
2022,J.Fortson,6.6469307,0.39099592
2022,J.Fox,2.9525986,0.17368227
2022,J.Garoppolo,58.629368,3.4487863
2022,J.Gervase,2.6160583,0.15388578
2022,J.Gillan,-9.87952,0.0
2022,J.Goff,80.32299,4.7248816
2022,J.Gordon,-0.48844737,0.0
2022,J.Guyton,4.2640324,0.25082543
2022,J.Harris,2.7706954,0.16298209
2022,J.Hasty,-0.9277768,0.0
2022,J.Herbert,23.426443,1.378026
2022,J.Hill,-1.2270502,0.0
2022,J.Horsted,0.026683688,0.0015696287
2022,J.Howard,-0.47619748,0.0
2022,J.Hurts,112.022064,6.5895333
2022,J.Jackson,-7.0273247,0.0
2022,J.Jacobs,0.6267855,0.036869735
2022,J.Jefferson,78.90844,4.641673
2022,J.Jennings,19.21384,1.1302259
2022,J.Jeudy,48.883896,2.8755233
2022,J.Johnson,1.1285143,0.06638319
2022,J.Jones,13.927822,0.81928366
2022,J.Kelley,-4.6940107,0.0
2022,J.Kumerow,2.8402734,0.1670749
2022,J.Landry,-7.7413425,0.0
2022,J.Love,3.5308604,0.20769767
2022,J.Mason,2.812921,0.16546595
2022,J.McKinnon,10.1644745,0.5979103
2022,J.McKissic,-21.779358,0.0
2022,J.Meyers,38.084038,2.2402375
2022,J.Mitchell,10.009731,0.5888077
2022,J.Mixon,1.2555866,0.07385804
2022,J.Moore,-0.7422924,0.0
2022,J.Mundt,6.1904564,0.3641445
2022,J.Nailor,7.6967583,0.45275047
2022,J.Oliver,7.014414,0.4126126
2022,J.Palmer,23.76314,1.3978318
2022,J.Patterson,-1.8871953,0.0
2022,J.Proche,-13.670574,0.0
2022,J.Reagor,2.614759,0.15380935
2022,J.Reynolds,11.604702,0.6826295
2022,J.Robinson,-13.093315,0.0
2022,J.Ruckert,0.0478611,0.0028153588
2022,J.Smith,7.8806167,0.46356568
2022,J.Smith-Schuster,52.543793,3.0908113
2022,J.Stidham,-0.30539894,0.0
2022,J.Stoll,7.7900276,0.45823693
2022,J.Taylor,-50.804626,0.0
2022,J.Tolbert,-0.6873334,0.0
2022,J.Tonges,-0.56882393,0.0
2022,J.Virgil,5.606161,0.32977417
2022,J.Waddle,78.44185,4.6142263
2022,J.Ward,-1.5324593,0.0
2022,J.Warren,19.001364,1.1177273
2022,J.Washington,-0.32063922,0.0
2022,J.Wilkins,-4.062833,0.0
2022,J.Williams,-22.313366,0.0
2022,J.Wilson,-2.8192906,0.0
2022,J.Winfree,-0.99848306,0.0
2022,J.Winston,-17.270317,0.0
2022,J.Wolford,-17.69304,0.0
2022,J.Woods,5.269305,0.30995914
2022,Ja.Williams,-26.947615,0.0
2022,Ju.Watson,11.164801,0.656753
2022,K.Allen,-18.087547,0.0
2022,K.Blanton,1.9455287,0.11444287
2022,K.Blasingame,-0.5554934,0.0
2022,K.Bourne,11.759436,0.6917315
2022,K.Cole,6.3162913,0.37154654
2022,K.Cousins,32.165966,1.8921156
2022,K.Coutee,-3.7991643,0.0
2022,K.Drake,-18.42328,0.0
2022,K.Gainwell,20.491022,1.2053542
2022,K.Golladay,-1.7573862,0.0
2022,K.Granson,-2.4764898,0.0
2022,K.Grugier-Hill,2.864477,0.16849864
2022,K.Hamler,1.038724,0.061101407
2022,K.Harris,-1.9409462,0.0
2022,K.Herbert,0.30811834,0.018124608
2022,K.Hill,0.5460712,0.032121833
2022,K.Hinton,16.585234,0.975602
2022,K.Hodge,13.562926,0.7978192
2022,K.Hunt,-14.032583,0.0
2022,K.Ingram,-12.450896,0.0
2022,K.Juszczyk,9.522888,0.5601699
2022,K.Kieft,4.0217314,0.23657243
2022,K.Kirkwood,-1.644436,0.0
2022,K.Murray,-5.3920956,0.0
2022,K.Nwangwu,-3.147947,0.0
2022,K.Osborn,25.691347,1.5112557
2022,K.Philips,-1.9355736,0.0
2022,K.Pickett,0.82128716,0.04831101
2022,K.Pitts,3.3775954,0.19868208
2022,K.Raymond,23.320673,1.3718042
2022,K.Rudolph,1.9392169,0.11407158
2022,K.Shakir,12.092433,0.71131957
2022,K.Smith,-1.4080293,0.0
2022,K.Toney,18.43565,1.08445
2022,K.Trask,-5.3325596,0.0
2022,K.Turpin,-1.6242137,0.0
2022,K.Vaughn,-3.3561842,0.0
2022,K.Walker,-25.326042,0.0
2022,K.White,2.5138223,0.1478719
2022,K.Williams,-5.9250402,0.0
2022,L.Cager,-6.10293,0.0
2022,L.Farrell,-0.6893499,0.0
2022,L.Fournette,-29.59657,0.0
2022,L.Humphrey,0.3196141,0.01880083
2022,L.Jackson,44.477287,2.616311
2022,L.McCutcheon,-4.0015974,0.0
2022,L.Murray,-13.838694,0.0
2022,L.Rountree,-5.7089467,0.0
2022,L.Shenault,12.810446,0.75355566
2022,L.Thomas,-8.530384,0.0
2022,L.Treadwell,-3.0994315,0.0
2022,L.Tunsil,-0.947,0.0
2022,M.Alexander,-0.66319275,0.0
2022,M.Alie-Cox,-1.5854378,0.0
2022,M.Allen,2.6432612,0.15548596
2022,M.Andrews,26.016037,1.5303551
2022,M.Bandy,-2.3061194,0.0
2022,M.Boone,-10.838896,0.0
2022,M.Boykin,-0.88037586,0.0
2022,M.Breida,2.673374,0.15725729
2022,M.Brown,-2.8360577,0.0
2022,M.Burton,-2.1833856,0.0
2022,M.Callaway,-6.1935964,0.0
2022,M.Davis,-0.7487006,0.0
2022,M.Dickson,-8.452353,0.0
2022,M.Evans,30.025597,1.7662115
2022,M.Farley,-4.0786285,0.0
2022,M.Forristall,-0.5086182,0.0
2022,M.Gallup,0.038935296,0.0022903115
2022,M.Gaskin,-9.264665,0.0
2022,M.Gesicki,0.16538167,0.009728334
2022,M.Goodwin,20.39022,1.1994247
2022,M.Gordon,-28.61485,0.0
2022,M.Hardman,21.372946,1.2572321
2022,M.Hollins,33.64483,1.9791076
2022,M.Ingram,-19.690239,0.0
2022,M.Johnson,-3.1018467,0.0
2022,M.Jones,-30.922594,0.0
2022,M.Kemp,1.2266613,0.07215655
2022,M.Kinsey,0.0048524463,0.00028543803
2022,M.Lewis,8.020597,0.47179985
2022,M.Mack,2.5538483,0.15022637
2022,M.Mariota,3.6179838,0.21282257
2022,M.Pittman,22.123877,1.3014045
2022,M.Pruitt,8.150616,0.479448
2022,M.Ryan,-57.1151,0.0
2022,M.Sanders,-0.15711403,0.0
2022,M.Schreck,-0.65550107,0.0
2022,M.Stafford,-31.650982,0.0
2022,M.Stewart,2.424545,0.1426203
2022,M.Strachan,-2.666045,0.0
2022,M.Thomas,16.696308,0.9821358
2022,M.Trubisky,-1.3488995,0.0
2022,M.Valdes-Scantling,25.368603,1.4922707
2022,M.Washington,-7.8023324,0.0
2022,M.White,-5.0520453,0.0
2022,M.Wilcox,9.238641,0.54344946
2022,M.Williams,32.314957,1.9008799
2022,M.Willis,-45.72399,0.0
2022,M.Woods,-9.264387,0.0
2022,Ma.Jones,6.378046,0.37517917
2022,Mi.Carter,-26.175606,0.0
2022,Mi.Thomas,-3.8829951,0.0
2022,N.Agholor,-12.491907,0.0
2022,N.Bellore,0.05243715,0.0030845383
2022,N.Brown,0.994905,0.058523823
2022,N.Chubb,22.242653,1.3083913
2022,N.Collins,-1.3270557,0.0
2022,N.Fant,19.759024,1.1622955
2022,N.Foles,-38.426872,0.0
2022,N.Gray,13.920944,0.81887907
2022,N.Harris,-26.265026,0.0
2022,N.Harry,8.584231,0.5049548
2022,N.Hines,-1.0067701,0.0
2022,N.Mullens,11.7073345,0.68866676
2022,N.Peterman,-5.3281984,0.0
2022,N.Sudfeld,-4.3800106,0.0
2022,N.Togiai,-0.64056355,0.0
2022,N.Vannett,1.2915955,0.0759762
2022,N.Webster,0.38132995,0.022431174
2022,N.Westbrook-Ikhine,2.519879,0.14822818
2022,O.Howard,-2.0430236,0.0
2022,O.Zaccheaus,23.206327,1.3650781
2022,P.Brown,-2.4887452,0.0
2022,P.Campbell,-5.701595,0.0
2022,P.Cooper,-1.2727367,0.0
2022,P.Dorsett,-4.245903,0.0
2022,P.Freiermuth,8.890448,0.5229675
2022,P.Hart,-1.8254062,0.0
2022,P.Hendershot,-2.04741,0.0
2022,P.Hesse,8.567914,0.50399494
2022,P.Lindsay,-3.284346,0.0
2022,P.Mahomes,229.74814,13.514596
2022,P.Ricard,-9.20258,0.0
2022,P.Sewell,1.0604486,0.06237933
2022,P.Strong,6.737402,0.39631775
2022,P.Taylor,0.7314836,0.043028444
2022,P.Walker,-18.500055,0.0
2022,Q.Cephus,2.9725595,0.17485644
2022,Q.Morris,0.45657927,0.026857603
2022,Q.Watkins,-17.410358,0.0
2022,R.Anderson,-7.144596,0.0
2022,R.Bateman,2.6476166,0.15574215
2022,R.Blackshear,2.1904845,0.12885202
2022,R.Bonnafon,-1.0740563,0.0
2022,R.Burkhead,-31.152098,0.0
2022,R.Cobb,22.564838,1.3273435
2022,R.Cracraft,1.4560175,0.08564809
2022,R.Dixon,5.386754,0.3168679
2022,R.Doubs,-1.8615113,0.0
2022,R.Dwelley,8.34285,0.49075586
2022,R.Freeman,-16.88975,0.0
2022,R.Gage,10.416412,0.61273015
2022,R.Gilliam,3.9299603,0.23117413
2022,R.Griffin,-7.9443197,0.0
2022,R.James,24.866226,1.4627192
2022,R.Jones,2.373972,0.13964541
2022,R.McCloud,16.269753,0.95704424
2022,R.McMath,-5.822956,0.0
2022,R.Moore,3.8200817,0.22471069
2022,R.Mostert,0.44739246,0.026317203
2022,R.Penny,14.213626,0.83609563
2022,R.Rivers,-4.0117025,0.0
2022,R.Rodgers,-2.890157,0.0
2022,R.Shaheed,35.638435,2.0963786
2022,R.Stevenson,-21.34489,0.0
2022,R.Tannehill,12.537977,0.7375281
2022,R.Tonyan,3.861894,0.22717023
2022,R.White,-6.489299,0.0
2022,R.Wilson,-42.102592,0.0
2022,R.Woods,8.946638,0.52627283
2022,R.Wright,-0.4092133,0.0
2022,S.Ahmed,3.4762282,0.20448402
2022,S.Anderson,-3.2955368,0.0
2022,S.Barkley,-21.11501,0.0
2022,S.Brown,-1.599677,0.0
2022,S.Chandler,2.1650932,0.12735842
2022,S.Conner,-2.0522285,0.0
2022,S.Darnold,17.067184,1.003952
2022,S.Diggs,79.50528,4.676781
2022,S.Ehlinger,-35.001915,0.0
2022,S.Fehoko,-1.1463223,0.0
2022,S.Howell,-1.9349031,0.0
2022,S.McKeon,0.15023798,0.0088375285
2022,S.Michel,-9.41135,0.0
2022,S.Miller,0.34588233,0.02034602
2022,S.Moore,5.9451776,0.34971634
2022,S.Morgan,-3.1803987,0.0
2022,S.Perine,-0.8571956,0.0
2022,S.Shepard,-3.1267538,0.0
2022,S.Sims,-3.7486567,0.0
2022,S.Smartt,-0.40083158,0.0
2022,S.Smith,-9.333155,0.0
2022,S.Sullivan,-2.4585838,0.0
2022,S.Thompson,-54.180218,0.0
2022,S.Toure,3.206174,0.18859847
2022,S.Watkins,10.169888,0.5982287
2022,S.Zylstra,3.435997,0.20211747
2022,T.Allgeier,18.4679,1.086347
2022,T.Atwell,3.7531545,0.2207738
2022,T.Badie,1.6090949,0.09465264
2022,T.Boyd,37.65462,2.2149777
2022,T.Boyle,-5.456479,0.0
2022,T.Brady,12.540083,0.73765194
2022,T.Bridgewater,-2.5028052,0.0
2022,T.Burks,7.541959,0.44364464
2022,T.Chandler,-1.2740839,0.0
2022,T.Cleveland,-4.32992,0.0
2022,T.Coleman,-1.0982375,0.0
2022,T.Conklin,3.672574,0.21603377
2022,T.Conner,-2.6595457,0.0
2022,T.Davis,-6.445032,0.0
2022,T.Davis-Price,-14.465599,0.0
2022,T.Ebner,-12.404011,0.0
2022,T.Etienne,5.510854,0.32416788
2022,T.Gentry,-0.7896298,0.0
2022,T.Hairston,-6.1848254,0.0
2022,T.Heinicke,-17.10268,0.0
2022,T.Higbee,4.885179,0.28736347
2022,T.Higgins,58.320854,3.4306386
2022,T.Hill,97.22534,5.7191377
2022,T.Hilton,12.7534685,0.750204
2022,T.Hockenson,16.35223,0.9618959
2022,T.Homer,-7.8265934,0.0
2022,T.Hudson,2.8454409,0.16737887
2022,T.Huntley,-20.347027,0.0
2022,T.Irwin,21.705153,1.2767737
2022,T.Johnson,-14.912895,0.0
2022,T.Jones,-7.861802,0.0
2022,T.Kelce,88.96123,5.233013
2022,T.Kennedy,7.9312243,0.4665426
2022,T.Kroft,2.7225316,0.16014892
2022,T.Lance,-4.855656,0.0
2022,T.Lawrence,71.64161,4.2142124
2022,T.Lockett,37.0834,2.1813765
2022,T.Mabry,1.9614137,0.11537728
2022,T.Marshall,21.400175,1.2588339
2022,T.McBride,7.6966085,0.45274168
2022,T.McKitty,-4.7845416,0.0
2022,T.McLaurin,49.947624,2.9380956
2022,T.McSorley,-43.52537,0.0
2022,T.Montgomery,-0.9103327,0.0
2022,T.Pollard,8.274624,0.4867426
2022,T.Quitoriano,2.1962938,0.12919375
2022,T.Sermon,2.3006396,0.13533175
2022,T.Sherfield,3.4187734,0.20110431
2022,T.Siemian,-8.02091,0.0
2022,T.Smith,7.3856626,0.43445075
2022,T.Sweeney,0.80107677,0.04712216
2022,T.Tagovailoa,81.28194,4.7812905
2022,T.Taylor,3.3088708,0.19463946
2022,T.Thornton,-2.1542304,0.0
2022,T.Townsend,-4.4645863,0.0
2022,T.Tremble,-1.6748925,0.0
2022,T.Wallace,-2.9511971,0.0
2022,T.Wesco,0.7266536,0.042744327
2022,T.Williams,0.6475911,0.038093597
2022,V.Jefferson,11.800791,0.69416416
2022,V.Jones,0.6249447,0.03676145
2022,W.Dissly,26.388054,1.5522385
2022,W.Robinson,10.499417,0.6176128
2022,Z.Ertz,8.380928,0.49299577
2022,Z.Gentry,-1.4360585,0.0
2022,Z.Horvath,-0.398363,0.0
2022,Z.Jones,40.53964,2.3846846
2022,Z.Knight,-9.828427,0.0
2022,Z.Moss,-16.624453,0.0
2022,Z.Pascal,-2.6574528,0.0
2022,Z.White,-1.5125508,0.0
2022,Z.Wilson,-35.13009,0.0
2023,A.Abdullah,-11.656843,0.0
2023,A.Armah,0.97475874,0.057338748
2023,A.Beck,-11.826551,0.0
2023,A.Brown,65.87284,3.874873
2023,A.Cole,-0.947,0.0
2023,A.Cooper,49.995712,2.9409242
2023,A.Dalton,5.9767885,0.3515758
2023,A.Davis,-0.46953154,0.0
2023,A.Dillon,-17.716244,0.0
2023,A.Ekeler,-54.44622,0.0
2023,A.Erickson,5.3948007,0.3173412
2023,A.Firkser,1.1716344,0.06891967
2023,A.Gibson,-5.869466,0.0
2023,A.Green,-3.5383272,0.0
2023,A.Hooker,2.1579332,0.12693726
2023,A.Hooper,10.41262,0.61250705
2023,A.Ingold,-2.9931135,0.0
2023,A.Iosivas,5.3611298,0.31536058
2023,A.Isabella,-0.4289896,0.0
2023,A.Jones,17.416206,1.0244827
2023,A.Kamara,2.3122196,0.13601291
2023,A.Lazard,0.37687922,0.022169366
2023,A.Mattison,-36.79513,0.0
2023,A.McCarron,-5.251072,0.0
2023,A.McFarland,1.1931449,0.070185
2023,A.O'Connell,-26.47694,0.0
2023,A.Ogletree,9.111153,0.5359502
2023,A.Okwuegbunam,-0.42506695,0.0
2023,A.Perry,19.071495,1.1218526
2023,A.Pierce,17.19166,1.0112741
2023,A.Prentice,-6.090342,0.0
2023,A.Richardson,2.0629923,0.121352494
2023,A.Robinson,-5.8804517,0.0
2023,A.Rodgers,-4.0355167,0.0
2023,A.St. Brown,83.19807,4.894004
2023,A.Thielen,60.964817,3.5861657
2023,A.Trammell,-3.0054264,0.0
2023,A.Trautman,-1.0960958,0.0
2023,B.Aiyuk,90.08277,5.2989864
2023,B.Anger,1.053,0.061941177
2023,B.Bell,-12.218716,0.0
2023,B.Berrios,10.521975,0.6189397
2023,B.Bolden,4.732028,0.2783546
2023,B.Bredeson,-1.4257818,0.0
2023,B.Cooks,36.73808,2.1610634
2023,B.Covey,0.56059414,0.032976124
2023,B.Echols,2.6709,0.15711176
2023,B.Gabbert,-16.763056,0.0
2023,B.Gillikin,3.4814603,0.20479178
2023,B.Hopkins,3.0557513,0.17975008
2023,B.Hoyer,-10.596119,0.0
2023,B.Johnson,21.361656,1.256568
2023,B.Jordan,22.58858,1.32874
2023,B.Mann,4.2093267,0.24760745
2023,B.Mayfield,41.58138,2.4459634
2023,B.Melton,12.103435,0.71196675
2023,B.Powell,-1.8934394,0.0
2023,B.Pringle,1.0596628,0.062333107
2023,B.Purdy,173.56131,10.209489
2023,B.Robinson,-40.333687,0.0
2023,B.Rypien,-18.389185,0.0
2023,B.Scott,-0.1977396,0.0
2023,B.Sims,1.7060797,0.10035763
2023,B.Skowronek,-0.49641776,0.0
2023,B.Strange,-0.4619213,0.0
2023,B.Wright,7.2816153,0.4283303
2023,B.Young,-143.88986,0.0
2023,B.Zappe,-81.39004,0.0
2023,Bre.Hall,-14.618654,0.0
2023,C.Akers,-5.059438,0.0
2023,C.Austin,2.0815868,0.12244628
2023,C.Beathard,1.564398,0.09202342
2023,C.Brooks,-3.3922048,0.0
2023,C.Brown,-2.5757337,0.0
2023,C.Claypool,-13.195911,0.0
2023,C.Conley,5.017174,0.29512787
2023,C.Dowell,-2.652739,0.0
2023,C.Edmonds,-7.6207623,0.0
2023,C.Edwards-Helaire,-14.44845,0.0
2023,C.Evans,-1.999162,0.0
2023,C.Fotheringham,0.21242227,0.012495427
2023,C.Godwin,51.569572,3.0335042
2023,C.Golston,1.053,0.061941177
2023,C.Ham,-5.0654855,0.0
2023,C.Hubbard,-32.25623,0.0
2023,C.Johnson,1.2503287,0.07354874
2023,C.Johnston,-1.83287,0.0
2023,C.Jones,3.4762068,0.20448275
2023,C.Keenum,-22.302263,0.0
2023,C.Kirk,21.040508,1.237677
2023,C.Kmet,33.326237,1.9603668
2023,C.Kolar,7.5672317,0.44513127
2023,C.Kupp,7.652561,0.45015067
2023,C.Lamb,105.218735,6.1893373
2023,C.Manhertz,0.05109757,0.0030057395
2023,C.McCaffrey,19.840958,1.1671152
2023,C.Moore,20.360735,1.1976902
2023,C.Okonkwo,7.7351336,0.45500785
2023,C.Olave,43.39849,2.5528524
2023,C.Otton,17.893766,1.0525745
2023,C.Parkinson,8.381131,0.49300772
2023,C.Patterson,-12.677662,0.0
2023,C.Reynolds,0.3850844,0.022652023
2023,C.Ridley,29.43229,1.7313111
2023,C.Rodriguez,-3.02983,0.0
2023,C.Rush,-10.92584,0.0
2023,C.Samuel,9.766928,0.5745252
2023,C.Stroud,66.23642,3.89626
2023,C.Sutton,22.047586,1.2969168
2023,C.Thompson,0.41286147,0.024285968
2023,C.Tillman,-26.28195,0.0
2023,C.Tune,-34.33783,0.0
2023,C.Turner,-0.0051288605,0.0
2023,C.Uzomah,-3.3890371,0.0
2023,C.Watson,-1.2119318,0.0
2023,C.Wentz,9.081855,0.5342268
2023,C.Wilson,0.035257578,0.0020739753
2023,C.Woerner,1.6073824,0.094551906
2023,Co.Heyward,-6.217512,0.0
2023,D.Achane,31.3235,1.8425589
2023,D.Adams,13.481438,0.79302573
2023,D.Allen,12.183086,0.71665215
2023,D.Bellinger,7.5340886,0.4431817
2023,D.Brown,7.355139,0.43265522
2023,D.Byrd,-6.793155,0.0
2023,D.Carr,7.7491837,0.45583433
2023,D.Carter,1.4347353,0.08439619
2023,D.Chark,15.333779,0.901987
2023,D.Cook,-28.59385,0.0
2023,D.Dallas,-8.048878,0.0
2023,D.Davis,-0.74415684,0.0
2023,D.Douglas,-4.5778184,0.0
2023,D.Duvernay,-4.558883,0.0
2023,D.Eskridge,-2.02239,0.0
2023,D.Evans,-4.625294,0.0
2023,D.Foreman,-2.9386995,0.0
2023,D.Goedert,13.999998,0.8235293
2023,D.Gore,-1.323632,0.0
2023,D.Hamlin,-2.6971729,0.0
2023,D.Harris,2.709219,0.15936582
2023,D.Harty,5.3697577,0.3158681
2023,D.Henderson,-12.708718,0.0
2023,D.Henry,5.598388,0.32931694
2023,D.Hopkins,19.014305,1.1184886
2023,D.Jackson,-19.953735,0.0
2023,D.Johnson,21.975,1.2926471
2023,D.Jones,-60.02616,0.0
2023,D.Kincaid,17.554142,1.0325966
2023,D.Knox,-9.072599,0.0
2023,D.Lock,-1.8116474,0.0
2023,D.London,13.71389,0.8066994
2023,D.Metcalf,42.645218,2.5085423
2023,D.Mills,-4.583536,0.0
2023,D.Montgomery,-0.08714104,0.0
2023,D.Mooney,-5.567073,0.0
2023,D.Moore,72.6792,4.275247
2023,D.Njoku,-9.507154,0.0
2023,D.Ogunbowale,-13.424162,0.0
2023,D.Ozigbo,-1.0518894,0.0
2023,D.Parham,18.289648,1.0758617
2023,D.Parker,1.0191886,0.059952274
2023,D.Peoples-Jones,-3.9687316,0.0
2023,D.Pierce,-42.233105,0.0
2023,D.Prescott,126.30382,7.4296365
2023,D.Ridder,-54.865746,0.0
2023,D.Robinson,19.355888,1.1385816
2023,D.Sample,0.49605003,0.029179413
2023,D.Samuel,48.578213,2.857542
2023,D.Schultz,27.63812,1.6257718
2023,D.Singletary,-23.00251,0.0
2023,D.Skipper,-0.008929072,0.0
2023,D.Slayton,29.19376,1.71728
2023,D.Smith,36.60827,2.1534276
2023,D.Smythe,18.37608,1.0809458
2023,D.Swift,-8.711154,0.0
2023,D.Thompkins,-4.3389893,0.0
2023,D.Thompson-Robinson,-37.742023,0.0
2023,D.Vaughn,-12.164054,0.0
2023,D.Waller,15.290663,0.8994508
2023,D.Washington,0.6185294,0.03638408
2023,D.Watson,-16.022789,0.0
2023,D.Wells,-1.7841487,0.0
2023,D.Wicks,31.571918,1.8571717
2023,D.Williams,-1.9726684,0.0
2023,Dav.Bell,12.307782,0.72398716
2023,E.Cooks,3.904363,0.22966841
2023,E.Demercado,-20.24324,0.0
2023,E.Dotson,-2.8203478,0.0
2023,E.Elliott,-37.390247,0.0
2023,E.Engram,10.245342,0.6026672
2023,E.Ezukanma,-2.3660097,0.0
2023,E.Gray,-11.643474,0.0
2023,E.Higgins,10.236289,0.60213464
2023,E.Hull,-1.5950719,0.0
2023,E.Mitchell,-19.161064,0.0
2023,E.Moore,-11.954433,0.0
2023,E.Saubert,0.53249097,0.031322997
2023,E.St. Brown,2.971723,0.17480724
2023,E.Stick,-25.974419,0.0
2023,E.Turner,1.9436244,0.11433084
2023,E.Wilson,-1.185056,0.0
2023,Em.Wilson,1.4154363,0.08326095
2023,F.Moreau,8.405416,0.4944362
2023,G.Brightwell,-1.8367686,0.0
2023,G.Calcaterra,3.0825007,0.18132357
2023,G.Davis,23.274384,1.3690814
2023,G.Dortch,4.6721544,0.2748326
2023,G.Dulcich,-4.1575613,0.0
2023,G.Edwards,-1.3768578,0.0
2023,G.Everett,6.8968124,0.40569484
2023,G.Kittle,67.870056,3.9923563
2023,G.Minshew,-9.36837,0.0
2023,G.Olszewski,-6.1855726,0.0
2023,G.Pickens,23.129461,1.3605566
2023,G.Ricci,-0.4896493,0.0
2023,G.Smith,28.178518,1.6575599
2023,G.Swaim,6.6409616,0.3906448
2023,G.Wilson,-10.538849,0.0
2023,H.Bryant,-4.1615257,0.0
2023,H.Henry,18.46561,1.0862124
2023,H.Hurst,-3.7817814,0.0
2023,H.Luepke,3.4579492,0.20340878
2023,H.Renfrow,-0.26947618,0.0
2023,I.Abanikanda,-4.161021,0.0
2023,I.Charles,-1.5179237,0.0
2023,I.Hodgins,3.931588,0.23126988
2023,I.Likely,31.66927,1.8628982
2023,I.McKenzie,1.7033348,0.10019617
2023,I.Pacheco,-23.39528,0.0
2023,I.Smith,-15.521264,0.0
2023,I.Smith-Marsette,5.705523,0.335619
2023,I.Spiller,-13.8355055,0.0
2023,I.Thomas,-7.675922,0.0
2023,J.Addison,25.688074,1.5110632
2023,J.Agnew,-0.12823844,0.0
2023,J.Akins,-1.0378406,0.0
2023,J.Allen,155.3984,9.141083
2023,J.Bates,-5.566456,0.0
2023,J.Bobo,8.809151,0.5181853
2023,J.Brissett,17.67169,1.0395112
2023,J.Brooks,3.8548706,0.2267571
2023,J.Browning,30.784739,1.810867
2023,J.Brownlee,-4.2100677,0.0
2023,J.Burrow,-2.3429196,0.0
2023,J.Cabinda,-2.62819,0.0
2023,J.Chase,55.706398,3.276847
2023,J.Conner,14.374292,0.8455466
2023,J.Cook,4.686535,0.27567852
2023,J.Corbin,4.6479692,0.27340996
2023,J.Crowder,5.3209906,0.31299946
2023,J.Deguara,1.1577413,0.06810243
2023,J.Dobbins,-1.3213947,0.0
2023,J.Dobbs,-66.020035,0.0
2023,J.Dotson,-15.986118,0.0
2023,J.Downs,26.5076,1.5592706
2023,J.Driskel,-10.482095,0.0
2023,J.Ferguson,43.104862,2.5355802
2023,J.Fields,-20.091164,0.0
2023,J.FitzPatrick,0.7121124,0.041888967
2023,J.Flacco,-27.089588,0.0
2023,J.Ford,-48.162277,0.0
2023,J.Funk,0.52992815,0.031172244
2023,J.Garoppolo,-20.819756,0.0
2023,J.Gibbs,-17.88099,0.0
2023,J.Goff,71.49816,4.2057743
2023,J.Graham,8.155974,0.4797632
2023,J.Guyton,-2.3658056,0.0
2023,J.Hall,-14.642062,0.0
2023,J.Hasty,-2.3684428,0.0
2023,J.Hekker,-7.99469,0.0
2023,J.Herbert,18.211243,1.0712496
2023,J.Hill,-7.2398577,0.0
2023,J.Horsted,-0.21012102,0.0
2023,J.Hurts,58.241096,3.425947
2023,J.Hyatt,3.065158,0.18030341
2023,J.Jacobs,-45.79225,0.0
2023,J.Jefferson,40.457756,2.379868
2023,J.Jennings,17.408161,1.0240095
2023,J.Jeudy,16.952774,0.997222
2023,J.Johnson,-4.487488,0.0
2023,J.Jones,3.541612,0.20833011
2023,J.Kelley,-31.819168,0.0
2023,J.Love,94.058014,5.5328245
2023,J.Mason,6.414693,0.37733486
2023,J.McKinnon,8.584169,0.5049511
2023,J.McLaughlin,7.8504124,0.46178895
2023,J.Metchie,-3.8568928,0.0
2023,J.Meyers,22.163408,1.3037299
2023,J.Mims,-1.3712282,0.0
2023,J.Mingo,-24.645945,0.0
2023,J.Mitchell,1.3387489,0.07874994
2023,J.Mixon,-14.695854,0.0
2023,J.Mundt,2.77159,0.1630347
2023,J.Nailor,-2.0255368,0.0
2023,J.Oliver,4.2262306,0.2486018
2023,J.Palmer,8.680006,0.5105886
2023,J.Proche,-7.283761,0.0
2023,J.Reagor,-10.165767,0.0
2023,J.Reed,37.46746,2.2039683
2023,J.Reeves-Maybin,3.4823208,0.2048424
2023,J.Reynolds,17.742737,1.0436904
2023,J.Robinson,-1.6066378,0.0
2023,J.Ross,1.1094382,0.065261066
2023,J.Ruckert,4.4712524,0.26301485
2023,J.Simmons,1.1588937,0.06817022
2023,J.Smith,7.7233877,0.4543169
2023,J.Smith-Njigba,12.165432,0.71561366
2023,J.Smith-Schuster,-10.345766,0.0
2023,J.Stidham,-0.08905268,0.0
2023,J.Stoll,-2.195437,0.0
2023,J.Taylor,-6.994412,0.0
2023,J.Tolbert,-0.8913281,0.0
2023,J.Waddle,45.048656,2.649921
2023,J.Ward,-1.8184193,0.0
2023,J.Warren,-17.145287,0.0
2023,J.Whyle,3.7825518,0.22250305
2023,J.Williams,-50.76547,0.0
2023,J.Wilson,0.9710363,0.057119783
2023,J.Winfree,-1.0963186,0.0
2023,J.Winston,-14.259489,0.0
2023,Jak.Johnson,1.0337014,0.060805965
2023,Ju.Watson,8.408725,0.49463087
2023,K.Allen,55.865807,3.286224
2023,K.Blasingame,-6.0781994,0.0
2023,K.Bourne,-8.9013605,0.0
2023,K.Boutte,-2.6910367,0.0
2023,K.Cousins,20.73712,1.2198305
2023,K.Dorsey,4.1430035,0.24370609
2023,K.Doss,-3.0227714,0.0
2023,K.Drake,-4.737721,0.0
2023,K.Gainwell,-11.254239,0.0
2023,K.Granson,14.300712,0.84121835
2023,K.Harris,2.5972345,0.1527785
2023,K.Herbert,-18.386219,0.0
2023,K.Hodge,4.590553,0.27003253
2023,K.Hunt,-12.423487,0.0
2023,K.Ingram,-10.978952,0.0
2023,K.Juszczyk,11.845741,0.69680834
2023,K.Kieft,-1.3343285,0.0
2023,K.Kirkwood,2.257762,0.13280952
2023,K.Lassiter,0.2223148,0.013077341
2023,K.Miller,2.5065713,0.14744537
2023,K.Mitchell,19.994751,1.1761618
2023,K.Murray,-8.875586,0.0
2023,K.Nixon,0.5459949,0.032117344
2023,K.Nwangwu,-0.82295144,0.0
2023,K.Osborn,6.300213,0.37060076
2023,K.Philips,6.5353384,0.38443166
2023,K.Pickett,-52.03189,0.0
2023,K.Pitts,15.726352,0.9250795
2023,K.Rader,-1.1213248,0.0
2023,K.Raymond,33.269196,1.9570115
2023,K.Shakir,53.113903,3.1243472
2023,K.Smith,0.86415064,0.05083239
2023,K.Toney,-13.357737,0.0
2023,K.Trask,-3.599999,0.0
2023,K.Turpin,19.698288,1.1587229
2023,K.Vaughn,-15.7201185,0.0
2023,K.Walker,-5.816572,0.0
2023,K.Williams,7.81011,0.45941824
2023,K.Yeboah,-2.6562004,0.0
2023,L.Bowden,-3.182895,0.0
2023,L.Cager,3.2548819,0.19146363
2023,L.Cooke,2.564376,0.15084565
2023,L.Farrell,8.012352,0.47131482
2023,L.Fournette,-1.1225965,0.0
2023,L.Humphrey,14.200789,0.83534056
2023,L.Jackson,64.33309,3.7842996
2023,L.Krull,1.9564657,0.11508622
2023,L.Murray,3.4963636,0.20566845
2023,L.Musgrave,18.560043,1.0917673
2023,L.Perine,-2.5355663,0.0
2023,L.Schoonmaker,-3.8377814,0.0
2023,L.Shenault,-1.4117022,0.0
2023,L.Thomas,-4.32815,0.0
2023,L.Treadwell,0.20309746,0.011946909
2023,L.Woodside,-9.753705,0.0
2023,M.Alie-Cox,7.5625906,0.44485828
2023,M.Andrews,32.352383,1.9030813
2023,M.Barkley,-4.0120163,0.0
2023,M.Boone,-1.951939,0.0
2023,M.Boykin,-1.6712805,0.0
2023,M.Breida,-23.446499,0.0
2023,M.Brown,-6.724598,0.0
2023,M.Burton,-3.0632677,0.0
2023,M.Carter,2.0765567,0.12215039
2023,M.Cunningham,-1.2853723,0.0
2023,M.Evans,61.978146,3.6457732
2023,M.Gallup,11.668259,0.68636817
2023,M.Gesicki,-3.1105309,0.0
2023,M.Goodwin,-7.7136517,0.0
2023,M.Gordon,-3.9635062,0.0
2023,M.Hardman,-8.068696,0.0
2023,M.Heath,4.7438517,0.2790501
2023,M.Hollins,9.698308,0.5704887
2023,M.Jones,-79.41804,0.0
2023,M.Kinsey,-1.0663863,0.0
2023,M.Lewis,2.4860826,0.14624014
2023,M.Mariota,0.56500435,0.03323555
2023,M.Mayer,17.77739,1.0457288
2023,M.Mims,7.697606,0.45280036
2023,M.Pittman,28.089785,1.6523403
2023,M.Pruitt,8.236089,0.48447582
2023,M.Rodriguez,0.05058678,0.002975693
2023,M.Rudolph,0.78612375,0.046242572
2023,M.Sanders,-40.167717,0.0
2023,M.Stafford,69.197235,4.0704255
2023,M.Strachan,1.1621588,0.06836229
2023,M.Taylor,-2.0669312,0.0
2023,M.Thomas,12.608109,0.7416535
2023,M.Trubisky,-19.286495,0.0
2023,M.Valdes-Scantling,5.850909,0.34417114
2023,M.White,-19.047594,0.0
2023,M.Wilcox,0.20291367,0.011936098
2023,M.Williams,12.562146,0.7389498
2023,M.Willis,-7.0366063,0.0
2023,Mi.Carter,-13.775072,0.0
2023,Mi.Wilson,19.108799,1.124047
2023,N.Adkins,1.5452797,0.09089881
2023,N.Agholor,18.410603,1.0829766
2023,N.Bawden,0.82551503,0.048559707
2023,N.Brown,17.93158,1.0547988
2023,N.Chubb,4.863812,0.2861066
2023,N.Collins,79.99288,4.7054634
2023,N.Dell,27.262766,1.603692
2023,N.Fant,11.724469,0.6896747
2023,N.Gray,2.037728,0.119866356
2023,N.Harris,-30.125761,0.0
2023,N.Mullens,12.273573,0.72197485
2023,N.Muse,1.35134,0.079490595
2023,N.Niemann,-2.8068922,0.0
2023,N.Peterman,-0.09442649,0.0
2023,N.Vannett,0.17008013,0.010004713
2023,N.Westbrook-Ikhine,20.679266,1.2164274
2023,O.Beckham,24.36894,1.433467
2023,O.Zaccheaus,10.868681,0.6393342
2023,P.Brown,5.4697533,0.3217502
2023,P.Campbell,-23.823957,0.0
2023,P.Dorsett,-1.7488015,0.0
2023,P.Durham,4.8004704,0.2823806
2023,P.Freiermuth,12.376548,0.72803223
2023,P.Hendershot,-1.6127349,0.0
2023,P.Mahomes,76.563095,4.5037117
2023,P.Nacua,85.16626,5.00978
2023,P.Ricard,-2.3055243,0.0
2023,P.Strong,-13.109967,0.0
2023,P.Taylor,-10.92918,0.0
2023,P.Walker,-40.216297,0.0
2023,P.Washington,-1.5196061,0.0
2023,Q.Johnston,6.1538553,0.3619915
2023,Q.Morris,1.7529109,0.1031124
2023,Q.Watkins,-4.6087217,0.0
2023,R.Bateman,6.254098,0.36788812
2023,R.Bell,6.735426,0.39620152
2023,R.Blackshear,-5.4943194,0.0
2023,R.Chosen,2.1532598,0.12666234
2023,R.Cobb,-14.414471,0.0
2023,R.Cracraft,7.353751,0.4325736
2023,R.Dixon,-0.947,0.0
2023,R.Doubs,47.272858,2.7807562
2023,R.Dowdle,2.7401462,0.16118507
2023,R.Dwelley,0.57226026,0.033662368
2023,R.Freeman,-6.7847466,0.0
2023,R.Gilliam,-0.33963808,0.0
2023,R.James,2.5878415,0.15222597
2023,R.Jarrett,-1.6273271,0.0
2023,R.Johnson,-12.682439,0.0
2023,R.McCloud,4.2781935,0.25165844
2023,R.Moore,-3.3478217,0.0
2023,R.Mostert,13.058527,0.76814866
2023,R.Penny,-3.3958957,0.0
2023,R.Rice,55.34471,3.2555714
2023,R.Rivers,-3.7440367,0.0
2023,R.Shaheed,10.96053,0.64473706
2023,R.Stevenson,-30.871609,0.0
2023,R.Stonehouse,-3.4483757,0.0
2023,R.Tannehill,-27.352278,0.0
2023,R.Tonyan,3.7473524,0.22043249
2023,R.White,-18.044327,0.0
2023,R.Williams,-0.6810534,0.0
2023,R.Wilson,-19.776592,0.0
2023,R.Woods,-1.2042756,0.0
2023,S.Ahmed,-10.722273,0.0
2023,S.Barkley,-56.839355,0.0
2023,S.Clifford,-1.348057,0.0
2023,S.Darnold,-8.569441,0.0
2023,S.Diggs,41.084175,2.416716
2023,S.Fehoko,1.041617,0.06127159
2023,S.Howell,-95.09163,0.0
2023,S.Jackson,-0.85614395,0.0
2023,S.LaPorta,49.707783,2.9239872
2023,S.McKeon,-6.4535475,0.0
2023,S.Miller,8.59296,0.50546825
2023,S.Moore,-8.627076,0.0
2023,S.Perine,2.639101,0.15524124
2023,S.Shepard,-10.653156,0.0
2023,S.Sims,-0.5289911,0.0
2023,S.Smartt,3.3231556,0.19547975
2023,S.Sullivan,-1.6298732,0.0
2023,S.Toure,-2.534044,0.0
2023,S.Tucker,-6.380876,0.0
2023,T.Allgeier,-18.577873,0.0
2023,T.Atwell,15.948664,0.93815666
2023,T.Bagent,-21.24916,0.0
2023,T.Bigsby,-26.024754,0.0
2023,T.Boyd,0.034487724,0.0020286897
2023,T.Boyle,-33.33528,0.0
2023,T.Bridgewater,-2.675528,0.0
2023,T.Burks,-1.2789433,0.0
2023,T.Chandler,4.6378045,0.27281204
2023,T.Conklin,2.8689606,0.16876239
2023,T.Davis-Price,-3.734558,0.0
2023,T.DeVito,-53.49974,0.0
2023,T.Dell,1.8796961,0.11057036
2023,T.Etienne,-23.065975,0.0
2023,T.Fisk,1.1956265,0.07033097
2023,T.Goodson,-7.633436,0.0
2023,T.Heinicke,8.43177,0.4959865
2023,T.Higbee,18.33458,1.0785047
2023,T.Higgins,26.474022,1.5572954
2023,T.Hill,106.90207,6.288357
2023,T.Hockenson,31.822887,1.8719345
2023,T.Homer,-1.055138,0.0
2023,T.Hudson,10.00307,0.58841586
2023,T.Huntley,-1.2043445,0.0
2023,T.Irwin,19.366652,1.1392148
2023,T.Jackson,-1.6050637,0.0
2023,T.Johnson,2.7741556,0.16318563
2023,T.Jones,-3.9705396,0.0
2023,T.Kelce,78.09212,4.593654
2023,T.Kraft,13.544682,0.79674596
2023,T.Lawrence,-20.475763,0.0
2023,T.Lockett,41.28232,2.4283717
2023,T.Marshall,-7.2089095,0.0
2023,T.McBride,9.80282,0.5766365
2023,T.McLaurin,9.272235,0.5454256
2023,T.Montgomery,-8.825237,0.0
2023,T.Morstead,2.6709,0.15711176
2023,T.Palmer,-2.9256635,0.0
2023,T.Pipkins,1.053,0.061941177
2023,T.Pollard,-21.040283,0.0
2023,T.Quitoriano,2.0726695,0.12192173
2023,T.Scott,-10.794657,0.0
2023,T.Sermon,-4.152402,0.0
2023,T.Sherfield,-2.8265195,0.0
2023,T.Siemian,-61.90454,0.0
2023,T.Spears,-2.0971892,0.0
2023,T.Tagovailoa,57.487854,3.3816385
2023,T.Taylor,-1.8946418,0.0
2023,T.Thornton,-10.221206,0.0
2023,T.Townsend,2.4396408,0.14350829
2023,T.Tremble,2.105335,0.12384324
2023,T.Tucker,7.487477,0.44043982
2023,T.Wallace,-0.7508966,0.0
2023,T.Way,-4.3173294,0.0
2023,T.Wesco,0.16023791,0.009425759
2023,T.Williams,-9.7216425,0.0
2023,T.Zentner,-2.2570949,0.0
2023,V.Jefferson,-17.815454,0.0
2023,V.Jones,-1.3078077,0.0
2023,W.Dissly,8.722147,0.5130675
2023,W.Levis,-22.261818,0.0
2023,W.Mallory,11.68078,0.6871047
2023,W.Robinson,26.827042,1.5780612
2023,W.Snead,-0.5363107,0.0
2023,X.Gipson,3.2022414,0.18836714
2023,X.Hutchinson,-5.337805,0.0
2023,Z.Charbonnet,-11.814878,0.0
2023,Z.Ertz,-14.025218,0.0
2023,Z.Evans,-5.2128153,0.0
2023,Z.Flowers,33.416294,1.9656644
2023,Z.Jones,-4.416609,0.0
2023,Z.Knight,0.404508,0.023794588
2023,Z.Moss,-15.068151,0.0
2023,Z.Pascal,-17.391983,0.0
2023,Z.White,-16.96093,0.0
2023,Z.Wilson,-122.8609,0.0
2024,A.Abdullah,4.271345,0.2512556
2024,A.Bachman,0.07557452,0.00444556
2024,A.Barner,11.086641,0.6521554
2024,A.Beck,-1.3295609,0.0
2024,A.Brown,74.40258,4.376622
2024,A.Cole,4.333918,0.25493637
2024,A.Cooper,6.6890144,0.39347145
2024,A.Dalton,-28.876215,0.0
2024,A.Davis,3.9340153,0.23141266
2024,A.Dulin,-3.1423173,0.0
2024,A.Ekeler,4.083825,0.240225
2024,A.Estime,-8.195045,0.0
2024,A.Gibson,-8.241661,0.0
2024,A.Gould,1.8886133,0.1110949
2024,A.Hooper,12.704732,0.74733716
2024,A.Ingold,-6.9632683,0.0
2024,A.Iosivas,23.963512,1.4096184
2024,A.Jones,-15.52552,0.0
2024,A.Kamara,-24.321827,0.0
2024,A.Lazard,28.915438,1.7009081
2024,A.Mattison,-37.063236,0.0
2024,A.Miller,3.7323766,0.21955156
2024,A.Mitchell,-11.294803,0.0
2024,A.O'Connell,-5.7130704,0.0
2024,A.Ogletree,1.2917634,0.07598609
2024,A.Pierce,40.303085,2.3707697
2024,A.Prentice,-2.762217,0.0
2024,A.Richardson,-21.428,0.0
2024,A.Robinson,1.3374939,0.07867611
2024,A.Rodgers,3.0159643,0.17740966
2024,A.Shampklin,-2.41447,0.0
2024,A.Smith,-0.042904735,0.0
2024,A.St. Brown,107.98717,6.352186
2024,A.Thielen,40.42908,2.3781812
2024,A.Trammell,2.744401,0.16143535
2024,A.Trautman,5.4994073,0.32349455
2024,B.Aiyuk,12.814397,0.75378805
2024,B.Allen,-21.33953,0.0
2024,B.Anger,-5.6870227,0.0
2024,B.Bates,-0.8011004,0.0
2024,B.Berrios,-9.013496,0.0
2024,B.Bowers,26.243332,1.5437254
2024,B.Brooks,-0.33625045,0.0
2024,B.Cooks,-13.9432335,0.0
2024,B.Corum,-7.1096478,0.0
2024,B.Covey,-0.043886185,0.0
2024,B.Cupp,-0.67817986,0.0
2024,B.Hall,-22.348213,0.0
2024,B.Irving,35.203094,2.0707703
2024,B.Johnson,0.7032772,0.041369244
2024,B.Jordan,1.4512043,0.08536496
2024,B.Mayfield,119.78793,7.046349
2024,B.Means,3.3584924,0.19755837
2024,B.Melton,-3.3263216,0.0
2024,B.Nix,38.479164,2.2634802
2024,B.Oliver,4.337509,0.2551476
2024,B.Pinion,-0.947,0.0
2024,B.Powell,5.094511,0.29967713
2024,B.Purdy,97.007324,5.706313
2024,B.Robinson,10.179199,0.5987764
2024,B.Sims,2.1542678,0.12672164
2024,B.Sinnott,5.4337025,0.31962955
2024,B.Skowronek,6.353159,0.37371522
2024,B.Spann-Ford,1.3320563,0.07835625
2024,B.Strange,18.947214,1.114542
2024,B.Thomas,56.810444,3.341791
2024,B.Tremayne,-1.3914722,0.0
2024,B.VanSumeren,-0.48021248,0.0
2024,B.Watson,0.071740985,0.0042200577
2024,B.Whiteheart,-3.7565753,0.0
2024,B.Willis,-1.446141,0.0
2024,B.Wright,3.079576,0.18115152
2024,B.Young,-14.777505,0.0
2024,B.Zappe,-17.138657,0.0
2024,C.Akers,-19.895672,0.0
2024,C.Austin,24.608492,1.4475584
2024,C.Blair,-3.7777424,0.0
2024,C.Brooks,0.88462996,0.052037057
2024,C.Brown,5.013262,0.29489776
2024,C.Collier,-4.6029043,0.0
2024,C.Conley,-1.8939168,0.0
2024,C.Edwards-Helaire,-1.4768534,0.0
2024,C.Godwin,37.04701,2.1792357
2024,C.Goodwin,-2.9773164,0.0
2024,C.Grandy,2.778743,0.16345547
2024,C.Ham,-2.7252529,0.0
2024,C.Hubbard,-11.494158,0.0
2024,C.Johnson,-0.31891835,0.0
2024,C.Jones,0.16390191,0.009641289
2024,C.Kirk,8.420426,0.4953192
2024,C.Kmet,26.121952,1.5365855
2024,C.Kolar,9.906437,0.5827316
2024,C.Kupp,11.854728,0.6973369
2024,C.Lamb,15.94369,0.9378641
2024,C.Manhertz,2.5497475,0.14998515
2024,C.McCaffrey,-8.673304,0.0
2024,C.Okonkwo,-6.252948,0.0
2024,C.Oladokun,-1.9449416,0.0
2024,C.Olave,2.372596,0.13956447
2024,C.Otton,13.731099,0.8077117
2024,C.Parkinson,5.542768,0.3260452
2024,C.Patterson,-12.279039,0.0
2024,C.Reynolds,-7.596411,0.0
2024,C.Ridley,25.862709,1.5213358
2024,C.Rodriguez,9.078644,0.5340379
2024,C.Rush,-50.503616,0.0
2024,C.Samuel,-1.4286575,0.0
2024,C.Schrader,0.07638475,0.0044932207
2024,C.Steele,-14.886098,0.0
2024,C.Stover,5.2611923,0.3094819
2024,C.Stroud,-18.038591,0.0
2024,C.Sutton,43.813538,2.577267
2024,C.Tillman,-3.675534,0.0
2024,C.Tune,-11.667644,0.0
2024,C.Watson,20.314844,1.1949909
2024,C.Wentz,-10.298357,0.0
2024,C.White,2.5474615,0.14985068
2024,C.Williams,-44.318398,0.0
2024,C.Wilson,3.7008924,0.21769956
2024,C.Woerner,-5.7073975,0.0
2024,Cas.Washington,0.9507967,0.055929217
2024,Co.Heyward,-0.7919747,0.0
2024,D.Achane,12.582347,0.74013805
2024,D.Adams,20.732025,1.2195309
2024,D.Allen,-1.6932588,0.0
2024,D.Bell,3.2141733,0.18906902
2024,D.Bellinger,5.347587,0.31456396
2024,D.Belton,3.0682282,0.18048401
2024,D.Brown,12.066599,0.70979995
2024,D.Carr,41.20659,2.423917
2024,D.Carter,-4.0377483,0.0
2024,D.Chark,-8.855947,0.0
2024,D.Chisena,2.039961,0.11999771
2024,D.Cook,-1.4098254,0.0
2024,D.Culp,7.849543,0.46173784
2024,D.Dallas,2.901393,0.17067017
2024,D.Davis,-0.23196697,0.0
2024,D.Deablo,4.333918,0.25493637
2024,D.Douglas,21.561417,1.2683187
2024,D.Duvernay,2.3552175,0.1385422
2024,D.Eskridge,3.1294155,0.18408327
2024,D.Evans,-1.2948128,0.0
2024,D.Foreman,-23.319687,0.0
2024,D.Goedert,33.57383,1.9749311
2024,D.Henry,55.210796,3.247694
2024,D.Holker,-0.9445895,0.0
2024,D.Hopkins,13.995412,0.82325953
2024,D.Johnson,-14.818503,0.0
2024,D.Jones,-30.137594,0.0
2024,D.Kincaid,14.930098,0.87824106
2024,D.Knox,9.900434,0.58237845
2024,D.Laube,-4.668176,0.0
2024,D.Lock,-29.594007,0.0
2024,D.London,34.36099,2.0212345
2024,D.Martin-Robinson,0.26910913,0.015829949
2024,D.Maye,-11.59668,0.0
2024,D.Metcalf,23.169523,1.3629131
2024,D.Mills,-11.528428,0.0
2024,D.Montgomery,9.186407,0.5403769
2024,D.Mooney,43.483173,2.5578337
2024,D.Moore,24.365608,1.433271
2024,D.Njoku,-5.2064795,0.0
2024,D.Ogunbowale,-2.5211816,0.0
2024,D.Pettis,-1.7816814,0.0
2024,D.Pettus,1.9273974,0.11337632
2024,D.Pierce,1.408788,0.08286988
2024,D.Prescott,-14.523546,0.0
2024,D.Ridder,-20.583841,0.0
2024,D.Robinson,13.638696,0.8022762
2024,D.Sample,3.2845545,0.19320908
2024,D.Samuel,-0.09957886,0.0
2024,D.Schultz,7.491563,0.44068018
2024,D.Singletary,-22.386358,0.0
2024,D.Skipper,1.9521413,0.11483184
2024,D.Slayton,16.33271,0.96074766
2024,D.Smith,71.50449,4.2061467
2024,D.Smythe,-3.6345425,0.0
2024,D.Swift,-36.066498,0.0
2024,D.Thompkins,-0.27407223,0.0
2024,D.Thompson-Robinson,-65.14975,0.0
2024,D.Turner,-10.368775,0.0
2024,D.Vaughn,-5.9938536,0.0
2024,D.Vele,33.71946,1.9834976
2024,D.Walker,1.2227359,0.07192564
2024,D.Washington,8.7827635,0.51663315
2024,D.Watson,-63.386314,0.0
2024,D.Wicks,-6.722413,0.0
2024,D.Young,-1.7634544,0.0
2024,Di.Johnson,-5.7288904,0.0
2024,Dio.Johnson,-5.014143,0.0
2024,E.All,5.2482467,0.30872038
2024,E.Demercado,9.013407,0.5302004
2024,E.Elliott,-16.959785,0.0
2024,E.Engram,-0.8837637,0.0
2024,E.Ezukanma,-2.4191449,0.0
2024,E.Gray,-12.258089,0.0
2024,E.Higgins,9.530998,0.56064695
2024,E.Jenkins,0.7996061,0.047035653
2024,E.Moore,-37.34649,0.0
2024,E.Saubert,1.9062325,0.11213132
2024,E.Tomlinson,-1.8271337,0.0
2024,Em.Wilson,4.1730666,0.2454745
2024,F.Franks,-2.8756258,0.0
2024,F.Moreau,19.917017,1.1715893
2024,G.Calcaterra,15.517457,0.9127916
2024,G.Davis,-4.1226916,0.0
2024,G.Dortch,9.626101,0.5662412
2024,G.DuBose,-4.1042695,0.0
2024,G.Dulcich,-7.604574,0.0
2024,G.Edwards,-19.100616,0.0
2024,G.Everett,-1.4730791,0.0
2024,G.Holani,-1.1805252,0.0
2024,G.Kittle,67.94493,3.9967606
2024,G.Minshew,-53.57549,0.0
2024,G.Pickens,34.535236,2.0314846
2024,G.Smith,4.2802973,0.25178218
2024,G.Swaim,0.3116976,0.018335152
2024,G.Wilson,22.64425,1.3320148
2024,H.Bryant,-0.27764046,0.0
2024,H.Haskins,1.4824755,0.08720444
2024,H.Henry,24.198656,1.4234504
2024,H.Hooker,-5.0726547,0.0
2024,H.Hurst,-4.841557,0.0
2024,H.Long,2.6364722,0.1550866
2024,H.Luepke,5.534123,0.32553664
2024,I.Charles,-0.40983278,0.0
2024,I.Davis,9.695495,0.5703232
2024,I.Guerendo,11.386592,0.6697995
2024,I.Hodgins,0.51764363,0.030449625
2024,I.Likely,35.580193,2.0929525
2024,I.Pacheco,-19.300705,0.0
2024,I.Smith,-0.35957903,0.0
2024,I.Thomas,-5.1245136,0.0
2024,I.Williams,-2.3470917,0.0
2024,J.Addison,33.964684,1.9979225
2024,J.Akins,10.993561,0.64668006
2024,J.Allen,213.28636,12.546257
2024,J.Bailey,-2.4669456,0.0
2024,J.Baker,-0.8412758,0.0
2024,J.Bates,0.8284271,0.048731003
2024,J.Bell,-0.0051244497,0.0
2024,J.Bobo,3.8635795,0.22726938
2024,J.Brissett,-33.998104,0.0
2024,J.Brooks,-18.996477,0.0
2024,J.Browning,-1.6598488,0.0
2024,J.Burrow,115.79243,6.8113194
2024,J.Burton,-4.540558,0.0
2024,J.Chase,79.03217,4.6489515
2024,J.Chestnut,-7.9668226,0.0
2024,J.Coker,30.385313,1.7873714
2024,J.Conner,6.7847013,0.39910007
2024,J.Cook,35.312946,2.0772321
2024,J.Cowing,4.6358905,0.27269945
2024,J.Crowder,3.6446955,0.21439385
2024,J.Daniels,135.742,7.9848237
2024,J.Darden,0.7367906,0.043340623
2024,J.Deguara,-1.3136928,0.0
2024,J.Dobbins,-13.796598,0.0
2024,J.Dobbs,2.7631657,0.16253915
2024,J.Dotson,2.568144,0.1510673
2024,J.Downs,24.724848,1.4544028
2024,J.Ferguson,-12.711065,0.0
2024,J.Fields,3.7722802,0.22189884
2024,J.FitzPatrick,-0.5207852,0.0
2024,J.Flacco,-4.949749,0.0
2024,J.Ford,0.1447401,0.008514124
2024,J.Fortson,-5.6672187,0.0
2024,J.Fox,3.637429,0.21396641
2024,J.Garoppolo,0.08905268,0.005238393
2024,J.Gibbs,53.47897,3.1458218
2024,J.Goff,152.29718,8.958657
2024,J.Haener,-16.50477,0.0
2024,J.Hasty,-0.42785525,0.0
2024,J.Hekker,-5.7120347,0.0
2024,J.Herbert,45.940323,2.7023718
2024,J.Hicks,-2.8345594,0.0
2024,J.Hill,20.883364,1.2284331
2024,J.Hurts,117.06315,6.8860674
2024,J.Hyatt,-6.5876026,0.0
2024,J.Jackson,-4.421758,0.0
2024,J.Jacobs,-13.611319,0.0
2024,J.Jefferson,63.09315,3.711362
2024,J.Jennings,43.239803,2.5435178
2024,J.Jeudy,38.798557,2.282268
2024,J.Johnson,11.498005,0.6763532
2024,J.Kelley,-0.38665083,0.0
2024,J.Kibodi,-5.184559,0.0
2024,J.Latham,-1.7045369,0.0
2024,J.Love,56.488632,3.3228607
2024,J.Mason,-0.8139081,0.0
2024,J.Matthews,-0.5819353,0.0
2024,J.McClellan,-7.1046057,0.0
2024,J.McLaughlin,-17.291052,0.0
2024,J.McMillan,14.375347,0.84560865
2024,J.McNichols,6.916979,0.4068811
2024,J.Metchie,-4.113638,0.0
2024,J.Meyers,32.245045,1.8967674
2024,J.Milton,7.82791,0.46046528
2024,J.Mims,-10.835104,0.0
2024,J.Mingo,-18.694439,0.0
2024,J.Mixon,-15.810456,0.0
2024,J.Mundt,6.570774,0.38651612
2024,J.Nailor,21.533173,1.2666572
2024,J.Oliver,17.002495,1.0001467
2024,J.Palmer,27.325708,1.6073946
2024,J.Pierre,-2.6777203,0.0
2024,J.Polk,-21.436258,0.0
2024,J.Proche,0.9430871,0.05547571
2024,J.Reagor,-9.617498,0.0
2024,J.Reed,41.691593,2.4524467
2024,J.Reeves-Maybin,-2.9333236,0.0
2024,J.Reynolds,8.287608,0.48750636
2024,J.Ross,-1.1275442,0.0
2024,J.Ruckert,-1.5691974,0.0
2024,J.Sanders,11.650561,0.6853271
2024,J.Scott,-3.089851,0.0
2024,J.Shenker,0.37410232,0.02200602
2024,J.Smith,58.068718,3.415807
2024,J.Smith-Njigba,50.714687,2.983217
2024,J.Smith-Schuster,3.5159876,0.2068228
2024,J.Stidham,-2.0607853,0.0
2024,J.Stoll,-0.6426957,0.0
2024,J.Taylor,-37.164158,0.0
2024,J.Thomas,-2.7097063,0.0
2024,J.Thrash,-2.1402779,0.0
2024,J.Tolbert,25.219017,1.4834716
2024,J.Waddle,40.01258,2.3536813
2024,J.Ward,0.20463333,0.012037255
2024,J.Warren,-13.107055,0.0
2024,J.Wayne,-1.4937773,0.0
2024,J.Whittington,20.812176,1.2242457
2024,J.Whyle,9.017634,0.5304491
2024,J.Wiley,-0.14508837,0.0
2024,J.Williams,-3.0093746,0.0
2024,J.Wilson,-5.862299,0.0
2024,J.Winston,-13.822367,0.0
2024,J.Wright,-23.180046,0.0
2024,Ja.Williams,0.38208055,0.022475326
2024,Ju.Watson,21.192959,1.2466446
2024,K.Allen,16.792229,0.9877782
2024,K.Austin,3.1926699,0.1878041
2024,K.Bourne,7.507667,0.44162747
2024,K.Boutte,20.736526,1.2197957
2024,K.Coleman,22.50243,1.3236723
2024,K.Cousins,-0.9873419,0.0
2024,K.Gainwell,-9.802626,0.0
2024,K.Granson,-8.41804,0.0
2024,K.Herbert,-2.8846385,0.0
2024,K.Hodge,8.25685,0.48569706
2024,K.Hunt,6.697471,0.39396888
2024,K.Johnson,-0.6563346,0.0
2024,K.Juszczyk,-7.374808,0.0
2024,K.McIntosh,1.0840226,0.06376604
2024,K.Miller,-5.9544334,0.0
2024,K.Mitchell,-4.063312,0.0
2024,K.Murray,62.60223,3.6824841
2024,K.Osborn,-7.3067636,0.0
2024,K.Pickett,-2.2407358,0.0
2024,K.Pitts,6.9435062,0.40844154
2024,K.Pryor,0.6801678,0.04000987
2024,K.Raymond,15.556929,0.91511345
2024,K.Shakir,51.612034,3.036002
2024,K.Toney,-2.119894,0.0
2024,K.Trask,-6.3252225,0.0
2024,K.Turpin,12.387746,0.7286909
2024,K.Vaughn,-0.63253444,0.0
2024,K.Vidal,-6.6463737,0.0
2024,K.Walker,-7.2661996,0.0
2024,K.Wilkerson,2.8614929,0.16832311
2024,K.Williams,-35.383057,0.0
2024,K.Yeboah,2.7185438,0.15991434
2024,L.Farrell,-4.639005,0.0
2024,L.Humphrey,-8.642496,0.0
2024,L.Jackson,193.327,11.372176
2024,L.Krull,4.4771557,0.2633621
2024,L.McCaffrey,2.2170715,0.13041598
2024,L.McConkey,73.9786,4.351682
2024,L.Musgrave,-4.797619,0.0
2024,L.Schoonmaker,9.405915,0.5532891
2024,L.Shenault,2.4116735,0.14186315
2024,M.Alie-Cox,6.9346695,0.40792173
2024,M.Andrews,56.603073,3.3295925
2024,M.Araiza,-1.9176188,0.0
2024,M.Boone,-4.87466,0.0
2024,M.Brown,-3.626019,0.0
2024,M.Burton,3.3671846,0.19806969
2024,M.Caliendo,0.78804094,0.046355348
2024,M.Carter,0.479295,0.028193822
2024,M.Corley,-8.07506,0.0
2024,M.Evans,48.63017,2.860598
2024,M.Gaskin,-1.3120255,0.0
2024,M.Gesicki,33.767574,1.9863279
2024,M.Hardman,9.972517,0.58661866
2024,M.Harrison,27.308878,1.6064045
2024,M.Hayball,2.8743553,0.16907972
2024,M.Heath,-0.0053036213,0.0
2024,M.Hollins,32.564213,1.9155419
2024,M.Jones,-2.9128146,0.0
2024,M.Killebrew,-2.6777203,0.0
2024,M.Kinsey,0.798377,0.046963353
2024,M.Lewis,0.064604744,0.003800279
2024,M.Lloyd,-2.0393403,0.0
2024,M.Mariota,18.333138,1.0784198
2024,M.Mayer,-0.014009863,0.0
2024,M.Mims,19.984152,1.1755383
2024,M.Nabers,44.170868,2.5982864
2024,M.Penix,15.138735,0.89051384
2024,M.Pittman,1.2384424,0.07284956
2024,M.Pruitt,-8.0006,0.0
2024,M.Rudolph,-0.5455699,0.0
2024,M.Sanders,-26.192429,0.0
2024,M.Stafford,34.06607,2.0038865
2024,M.Tipton,-10.480804,0.0
2024,M.Trubisky,-6.427023,0.0
2024,M.Valdes-Scantling,9.983293,0.5872525
2024,M.Washington,7.7194233,0.4540837
2024,M.White,-7.1528664,0.0
2024,M.Williams,17.639116,1.037595
2024,M.Willis,19.21804,1.130473
2024,M.Woods,-9.091709,0.0
2024,Mi.Wilson,9.309086,0.5475933
2024,N.Adkins,9.0809145,0.53417146
2024,N.Agholor,7.8788853,0.46346384
2024,N.Brown,12.0316305,0.707743
2024,N.Chubb,-36.891937,0.0
2024,N.Collins,58.81506,3.4597094
2024,N.Fant,6.513733,0.38316077
2024,N.Gray,20.099468,1.1823217
2024,N.Harris,-10.780036,0.0
2024,N.Mullens,4.868726,0.28639564
2024,N.Remigio,-0.40145445,0.0
2024,N.Vannett,1.826457,0.107438646
2024,N.Westbrook-Ikhine,12.6874895,0.74632293
2024,O.Beckham,-11.280473,0.0
2024,O.Zaccheaus,27.899033,1.6411196
2024,P.Brown,-6.471276,0.0
2024,P.Campbell,0.38846755,0.022851033
2024,P.Durham,10.396651,0.61156774
2024,P.Freiermuth,32.79317,1.92901
2024,P.Hendershot,2.6760364,0.1574139
2024,P.Mahomes,94.0622,5.5330706
2024,P.Nacua,51.5786,3.0340354
2024,P.Ricard,1.960768,0.115339294
2024,P.Sewell,-0.9758531,0.0
2024,P.Strong,-4.2653737,0.0
2024,P.Taylor,-8.964074,0.0
2024,P.Washington,13.440563,0.79062134
2024,Q.Johnston,24.50436,1.441433
2024,Q.Morris,1.334388,0.07849342
2024,R.Ali,-1.9526962,0.0
2024,R.Bateman,52.0091,3.0593588
2024,R.Bell,-4.306386,0.0
2024,R.Blackshear,-0.6617601,0.0
2024,R.Chosen,-8.406382,0.0
2024,R.Cracraft,4.59573,0.27033705
2024,R.Davis,11.138338,0.65519637
2024,R.Dixon,1.591998,0.09364694
2024,R.Doubs,30.847715,1.8145715
2024,R.Dowdle,-6.213193,0.0
2024,R.Dwelley,0.1368203,0.008048253
2024,R.Flournoy,-2.8049567,0.0
2024,R.Gilliam,-0.4245175,0.0
2024,R.Jarrett,7.4145856,0.4361521
2024,R.Johnson,2.157887,0.12693453
2024,R.Keyton,0.06258595,0.0036815265
2024,R.McCloud,7.9930243,0.4701779
2024,R.Miller,4.8478656,0.28516856
2024,R.Mostert,-19.153664,0.0
2024,R.Odunze,16.637022,0.97864836
2024,R.Pearsall,9.19688,0.540993
2024,R.Rice,18.822884,1.1072284
2024,R.Rivers,0.058442116,0.0034377715
2024,R.Shaheed,-4.7612677,0.0
2024,R.Stevenson,-30.470064,0.0
2024,R.White,-3.5210953,0.0
2024,R.Wilson,-5.4192886,0.0
2024,R.Woods,0.98842055,0.058142386
2024,S.Barkley,48.86431,2.8743713
2024,S.Darnold,8.423298,0.4954881
2024,S.Diggs,21.47418,1.263187
2024,S.Fehoko,2.684254,0.1578973
2024,S.Franklin,-2.6834526,0.0
2024,S.Howell,-16.280415,0.0
2024,S.Hubbard,2.049288,0.120546356
2024,S.LaPorta,33.005756,1.9415151
2024,S.Matlock,1.0718021,0.063047186
2024,S.McCormick,-0.44563544,0.0
2024,S.Miller,4.4928,0.26428238
2024,S.Moore,-2.919758,0.0
2024,S.Perine,16.049906,0.9441121
2024,S.Rattler,-71.225174,0.0
2024,S.Shepard,18.319458,1.0776151
2024,S.Sims,0.29839617,0.017552717
2024,S.Smartt,7.436342,0.43743187
2024,S.Sullivan,-0.53215957,0.0
2024,S.Thompson,-17.972042,0.0
2024,S.Tucker,17.547464,1.0322038
2024,S.Vaki,1.0592608,0.062309463
2024,S.Zylstra,1.2436419,0.0731554
2024,T.Allgeier,8.915493,0.52444077
2024,T.Atwell,17.853653,1.0502149
2024,T.Badie,-4.181039,0.0
2024,T.Bagent,0.3188675,0.018756911
2024,T.Benson,-1.8671789,0.0
2024,T.Bigsby,-3.690437,0.0
2024,T.Boyd,3.3186233,0.19521314
2024,T.Boyle,-13.838535,0.0
2024,T.Bridgewater,-0.1319518,0.0
2024,T.Burks,-0.7633476,0.0
2024,T.Chandler,-8.993746,0.0
2024,T.Conklin,7.859298,0.46231166
2024,T.Conner,-0.83579886,0.0
2024,T.Davis-Price,-1.8509505,0.0
2024,T.DeVito,-10.7488785,0.0
2024,T.Decker,-0.36762086,0.0
2024,T.Dell,19.635405,1.1550238
2024,T.Etienne,-31.505121,0.0
2024,T.Fisk,1.898361,0.11166829
2024,T.Franklin,-15.08086,0.0
2024,T.Goodson,3.9914212,0.23478949
2024,T.Heinicke,-9.025124,0.0
2024,T.Higbee,10.611192,0.62418777
2024,T.Higgins,56.401295,3.3177233
2024,T.Hill,47.79943,2.8117313
2024,T.Hockenson,16.048395,0.94402325
2024,T.Homer,-0.75231737,0.0
2024,T.Hudson,7.136843,0.41981432
2024,T.Huntley,-23.98323,0.0
2024,T.Irwin,-6.5710583,0.0
2024,T.Jennings,-4.736678,0.0
2024,T.Johnson,1.8784229,0.11049546
2024,T.Jones,4.8584523,0.2857913
2024,T.Kelce,30.574028,1.7984723
2024,T.Kennedy,-2.2307365,0.0
2024,T.Kraft,43.27112,2.5453598
2024,T.Lance,-16.543167,0.0
2024,T.Lawrence,5.046179,0.29683405
2024,T.Lockett,12.303688,0.72374636
2024,T.Marshall,-0.519154,0.0
2024,T.Martin,5.368295,0.31578207
2024,T.McAllister,-0.016487896,0.0
2024,T.McBride,49.67245,2.9219089
2024,T.McKee,11.674888,0.6867581
2024,T.McLaurin,79.86685,4.69805
2024,T.Palmer,5.9450107,0.3497065
2024,T.Patrick,10.494922,0.6173483
2024,T.Pollard,-40.615765,0.0
2024,T.Reiman,0.4128676,0.02428633
2024,T.Scott,0.8055624,0.04738602
2024,T.Sermon,-16.711323,0.0
2024,T.Shavers,7.094043,0.41729665
2024,T.Sherfield,-1.5329968,0.0
2024,T.Smith,-0.9877536,0.0
2024,T.Spears,-6.345829,0.0
2024,T.Tagovailoa,86.30519,5.076776
2024,T.Taylor,10.890845,0.64063793
2024,T.Thomas,-3.0913067,0.0
2024,T.Thornton,-4.8482947,0.0
2024,T.Tracy,-26.583519,0.0
2024,T.Tremble,4.989203,0.29348254
2024,T.Tucker,15.012617,0.88309515
2024,T.Wallace,15.510838,0.9124022
2024,T.Way,3.9842155,0.23436561
2024,Ty.Johnson,28.572868,1.6807569
2024,V.Jefferson,5.4641666,0.32142156
2024,V.Jones,0.04478675,0.0026345148
2024,V.Lowe,1.4277472,0.083985135
2024,W.Dissly,6.7163806,0.39508122
2024,W.Levis,-83.01548,0.0
2024,W.Mallory,-5.917483,0.0
2024,W.Morris,0.700561,0.04120947
2024,W.Robinson,-26.920628,0.0
2024,W.Shipley,-0.16534829,0.0
2024,X.Gipson,-2.2527704,0.0
2024,X.Hutchinson,-1.4855603,0.0
2024,X.Legette,3.9270053,0.2310003
2024,X.Smith,2.7285686,0.16050403
2024,X.Weaver,-1.64481,0.0
2024,X.Worthy,43.690166,2.5700097
2024,Z.Charbonnet,-18.72369,0.0
2024,Z.Davidson,-0.7158419,0.0
2024,Z.Ertz,47.64993,2.802937
2024,Z.Flowers,46.80291,2.7531123
2024,Z.Jones,-0.47508585,0.0
2024,Z.Moss,-7.3249454,0.0
2024,Z.White,-38.537334,0.0
2025,A.Abdullah,-1.3271191,0.0
2025,A.Baccellia,-1.8098247,0.0
2025,A.Bachman,-0.013953626,0.0
2025,A.Barner,26.663424,1.5684366
2025,A.Beck,0.7496717,0.044098336
2025,A.Brown,24.101109,1.4177122
2025,A.Cappa,-0.33978704,0.0
2025,A.Dalton,-14.320824,0.0
2025,A.Dillon,-4.2194843,0.0
2025,A.Dulin,10.862139,0.63894933
2025,A.Ekeler,-0.9356537,0.0
2025,A.Estime,0.6725552,0.039562073
2025,A.Firkser,0.68983907,0.040578768
2025,A.Gibson,-5.9365416,0.0
2025,A.Gould,-0.98982954,0.0
2025,A.Hooper,13.950834,0.8206373
2025,A.Ingold,-0.088986546,0.0
2025,A.Iosivas,8.923781,0.52492833
2025,A.Jeanty,-54.057842,0.0
2025,A.Johnson,-0.7951224,0.0
2025,A.Jones,-4.9542646,0.0
2025,A.Kamara,-40.4467,0.0
2025,A.Lazard,-9.657389,0.0
2025,A.Martinez,-2.324388,0.0
2025,A.Mitchell,-9.583702,0.0
2025,A.Ogletree,0.78139096,0.045964174
2025,A.Okwuegbunam,1.6165098,0.09508881
2025,A.Pierce,40.56775,2.3863382
2025,A.Prentice,1.5993048,0.09407675
2025,A.Richardson,-3.1839008,0.0
2025,A.Rodgers,7.87378,0.46316352
2025,A.Smith,-3.7743118,0.0
2025,A.St. Brown,51.50156,3.0295036
2025,A.Thielen,2.0141773,0.11848102
2025,A.Trammell,-4.9708405,0.0
2025,A.Trautman,9.4579525,0.5563502
2025,B.Allen,-8.91412,0.0
2025,B.Aubrey,2.7246628,0.16027428
2025,B.Bates,2.612659,0.15368582
2025,B.Berrios,2.3596401,0.13880236
2025,B.Bowers,17.9616,1.0565647
2025,B.Brooks,2.2359118,0.13152422
2025,B.Brown,2.432352,0.14307953
2025,B.Collins,-5.7445555,0.0
2025,B.Cook,-27.704155,0.0
2025,B.Cooks,10.385336,0.61090213
2025,B.Corum,11.477291,0.6751348
2025,B.Hall,-15.090581,0.0
2025,B.Irving,-15.55782,0.0
2025,B.Mann,-1.9512391,0.0
2025,B.Mayfield,11.960262,0.70354486
2025,B.Melton,1.919441,0.1129083
2025,B.Nix,66.85377,3.9325745
2025,B.Oliver,0.5178801,0.030463533
2025,B.Purdy,47.939766,2.8199863
2025,B.Raimann,-0.36578688,0.0
2025,B.Robinson,9.708283,0.5710755
2025,B.Russell,-0.44715625,0.0
2025,B.Rypien,-1.237878,0.0
2025,B.Sims,0.9894812,0.058204778
2025,B.Sinnott,5.5272264,0.32513097
2025,B.Skowronek,5.408946,0.3181733
2025,B.Smith,-7.729615,0.0
2025,B.Spann-Ford,0.07114208,0.004184828
2025,B.Strange,21.075686,1.2397462
2025,B.Thomas,15.681646,0.92244977
2025,B.Tremayne,7.913545,0.46550265
2025,B.Tuten,-5.41794,0.0
2025,B.Whiteheart,-3.2577927,0.0
2025,B.Willis,-0.72944796,0.0
2025,B.Wright,-1.9290247,0.0
2025,B.Young,-4.3045015,0.0
2025,B.Yurosek,-0.72576326,0.0
2025,C.Akers,0.9151498,0.05383234
2025,C.Austin,-8.476641,0.0
2025,C.Brooks,-3.6307895,0.0
2025,C.Brown,-26.105747,0.0
2025,C.Colby,-1.2148527,0.0
2025,C.Dike,-6.3797626,0.0
2025,C.Edwards-Helaire,-1.1029065,0.0
2025,C.Godwin,2.6512916,0.15595832
2025,C.Grandy,0.16204415,0.009532009
2025,C.Ham,0.8540755,0.050239734
2025,C.Hubbard,-2.685502,0.0
2025,C.Jones,-0.533709,0.0
2025,C.Kiner,0.5448161,0.032048006
2025,C.Kirk,-13.774406,0.0
2025,C.Kmet,9.84218,0.5789518
2025,C.Kolar,4.319548,0.25409105
2025,C.Kupp,4.288485,0.2522638
2025,C.Lamb,27.59172,1.6230423
2025,C.Loveland,36.16176,2.1271622
2025,C.Manhertz,0.41485402,0.024403177
2025,C.McCaffrey,14.808479,0.871087
2025,C.Moore,10.630039,0.6252964
2025,C.Okonkwo,10.305354,0.6061973
2025,C.Olave,9.548125,0.56165445
2025,C.Otton,-3.2368402,0.0
2025,C.Parkinson,6.6562634,0.3915449
2025,C.Reynolds,-2.3583894,0.0
2025,C.Ridley,12.221225,0.71889555
2025,C.Rodriguez,-2.404128,0.0
2025,C.Runyon,-0.22386214,0.0
2025,C.Rush,-30.632902,0.0
2025,C.Samuel,8.805985,0.5179992
2025,C.Skattebo,-8.748661,0.0
2025,C.Stover,-2.9989471,0.0
2025,C.Stroud,58.425262,3.4367802
2025,C.Sutton,44.4713,2.6159587
2025,C.Tillman,2.1431193,0.12606585
2025,C.Ward,-104.41228,0.0
2025,C.Washington,-0.074296355,0.0
2025,C.Watson,28.561619,1.6800952
2025,C.Wentz,3.0523355,0.17954914
2025,C.White,4.84232,0.28484234
2025,C.Williams,27.965008,1.6450005
2025,C.Wilson,2.2769778,0.13393986
2025,C.Woerner,0.057219803,0.0033658708
2025,C.Yankoff,2.8415701,0.16715118
2025,Cas.Washington,3.803175,0.22371617
2025,Co.Heyward,9.596955,0.5645268
2025,D.Achane,6.613961,0.38905653
2025,D.Adams,27.033442,1.5902025
2025,D.Allen,6.842983,0.4025284
2025,D.Bellinger,17.474398,1.0279057
2025,D.Brown,-4.59441,0.0
2025,D.Cooper,2.7447047,0.16145322
2025,D.Culp,1.7139679,0.100821644
2025,D.Dallas,-1.9534935,0.0
2025,D.Davis,-1.366712,0.0
2025,D.Douglas,25.427868,1.495757
2025,D.Drummond,-7.062778,0.0
2025,D.Duvernay,-0.034099102,0.0
2025,D.Eskridge,3.045866,0.17916858
2025,D.Gabriel,-43.0617,0.0
2025,D.Giddens,-1.3258998,0.0
2025,D.Goedert,33.26854,1.956973
2025,D.Henry,-13.03303,0.0
2025,D.Hopkins,11.639318,0.6846658
2025,D.Johnson,-1.8409309,0.0
2025,D.Jones,73.67487,4.333816
2025,D.Kincaid,37.478443,2.2046144
2025,D.Knox,16.534002,0.97258836
2025,D.Laube,-6.1576595,0.0
2025,D.Lock,-1.8596714,0.0
2025,D.London,22.677492,1.3339701
2025,D.Martin-Robinson,0.895186,0.052658
2025,D.Maye,112.857315,6.6386657
2025,D.Metcalf,34.41945,2.0246735
2025,D.Mills,-12.19813,0.0
2025,D.Montgomery,4.701257,0.27654454
2025,D.Mooney,-1.6261768,0.0
2025,D.Moore,23.007011,1.3533536
2025,D.Neal,-10.095837,0.0
2025,D.Njoku,-3.614772,0.0
2025,D.Ogunbowale,-7.570279,0.0
2025,D.Pettis,-1.8262963,0.0
2025,D.Pierce,-2.9533744,0.0
2025,D.Prescott,78.944,4.6437645
2025,D.Robinson,1.8904637,0.111203745
2025,D.Sample,-2.4197843,0.0
2025,D.Sampson,-2.378398,0.0
2025,D.Samuel,19.458807,1.1446357
2025,D.Schultz,29.945747,1.7615145
2025,D.Sills,-1.8649681,0.0
2025,D.Singletary,-1.9308794,0.0
2025,D.Slayton,11.239132,0.6611254
2025,D.Smith,49.004597,2.8826234
2025,D.Smythe,-1.2547455,0.0
2025,D.Swift,10.4293785,0.61349285
2025,D.Thompkins,1.2805886,0.075328745
2025,D.Thornton,-12.938615,0.0
2025,D.Vele,16.811544,0.9889144
2025,D.Walker,10.917467,0.6422039
2025,D.Waller,26.21205,1.5418853
2025,D.Washington,13.112746,0.771338
2025,D.Wicks,13.002969,0.76488054
2025,D.Young,3.38609,0.19918177
2025,E.Arroyo,-16.238907,0.0
2025,E.Ayomanor,-9.60563,0.0
2025,E.Demercado,-8.64306,0.0
2025,E.Egbuka,11.910486,0.70061684
2025,E.Engram,3.21802,0.18929529
2025,E.Higgins,-7.496403,0.0
2025,E.Hull,-3.3557782,0.0
2025,E.Mitchell,-3.3650656,0.0
2025,E.Moore,-3.904683,0.0
2025,E.Saubert,2.4679918,0.145176
2025,E.Wilson,-6.313213,0.0
2025,F.Franks,1.2725043,0.0748532
2025,F.Moreau,-3.4549215,0.0
2025,G.Bolles,-0.8203736,0.0
2025,G.Calcaterra,0.9292374,0.054661024
2025,G.Davis,5.372026,0.31600153
2025,G.Dortch,2.862168,0.16836283
2025,G.Dulcich,10.527127,0.6192428
2025,G.Helm,8.407077,0.49453393
2025,G.Holani,-9.490472,0.0
2025,G.Kittle,36.922733,2.1719255
2025,G.Larvadain,-5.5929403,0.0
2025,G.Minshew,-1.1454132,0.0
2025,G.Olszewski,5.408,0.31811765
2025,G.Pickens,75.024,4.4131765
2025,G.Smith,-70.627235,0.0
2025,G.Stuard,-2.7863297,0.0
2025,G.Wilson,-2.0651286,0.0
2025,H.Bryant,-3.335866,0.0
2025,H.Fannin,-3.2271142,0.0
2025,H.Haskins,-5.9306273,0.0
2025,H.Henry,27.89764,1.6410377
2025,H.Long,7.7687387,0.45698464
2025,H.Luepke,3.8771503,0.22806767
2025,H.Renfrow,-2.0028396,0.0
2025,I.Bond,-1.1193105,0.0
2025,I.Davis,3.2121139,0.18894787
2025,I.Hodgins,7.5847764,0.44616333
2025,I.Likely,-0.34911096,0.0
2025,I.Pacheco,-17.057314,0.0
2025,I.TeSlaa,6.015186,0.35383445
2025,I.Thomas,5.073346,0.2984321
2025,I.Williams,4.3616934,0.2565702
2025,J.Addison,16.472204,0.9689532
2025,J.Allen,112.86929,6.63937
2025,J.Bates,5.2652197,0.30971882
2025,J.Bech,2.8715062,0.16891213
2025,J.Blue,-6.4029737,0.0
2025,J.Bobo,1.1352619,0.06678011
2025,J.Brissett,6.8294806,0.40173414
2025,J.Brooks,1.8382255,0.10813091
2025,J.Browning,-46.104404,0.0
2025,J.Brownlee,-0.7134254,0.0
2025,J.Burrow,-1.360867,0.0
2025,J.Chase,22.54373,1.3261018
2025,J.Chestnut,-5.1619487,0.0
2025,J.Coker,18.691164,1.0994803
2025,J.Conner,-0.5450876,0.0
2025,J.Cook,12.181301,0.71654713
2025,J.Croskey-Merritt,-6.367934,0.0
2025,J.Daniels,-3.0287662,0.0
2025,J.Dart,25.889875,1.5229338
2025,J.Deguara,-0.4453898,0.0
2025,J.Dobbins,-0.8014741,0.0
2025,J.Dobbs,-0.8537009,0.0
2025,J.Dotson,-9.645218,0.0
2025,J.Downs,13.059326,0.7681956
2025,J.Ferguson,16.60759,0.976917
2025,J.Fields,-14.50758,0.0
2025,J.FitzPatrick,4.317415,0.25396562
2025,J.Flacco,-43.705856,0.0
2025,J.Ford,-8.6045065,0.0
2025,J.Garoppolo,0.0,0.0
2025,J.Gibbs,25.297659,1.4880975
2025,J.Gillan,-3.7585702,0.0
2025,J.Goff,86.61793,5.0951724
2025,J.Hawes,14.759107,0.8681827
2025,J.Herbert,5.1898003,0.30528235
2025,J.Higgins,16.187283,0.9521931
2025,J.Hill,-2.4417193,0.0
2025,J.Hurts,36.44456,2.1437976
2025,J.Hyatt,-9.084066,0.0
2025,J.Jacobs,11.234711,0.6608653
2025,J.Jefferson,-27.303892,0.0
2025,J.Jennings,-4.377494,0.0
2025,J.Jeudy,-31.789865,0.0
2025,J.Johnson,23.56636,1.3862565
2025,J.Jordan,2.4631045,0.1448885
2025,J.Karty,-2.9846408,0.0
2025,J.Lane,-5.3906584,0.0
2025,J.Love,122.572685,7.210158
2025,J.Mason,-9.768591,0.0
2025,J.McCarthy,-49.82079,0.0
2025,J.McLaughlin,-5.6913443,0.0
2025,J.McMillan,2.6854572,0.15796807
2025,J.McNichols,3.827851,0.2251677
2025,J.Metchie,-2.958068,0.0
2025,J.Meyers,12.520366,0.7364921
2025,J.Milroe,-6.4411383,0.0
2025,J.Milton,5.0076094,0.29456526
2025,J.Mingo,0.5468038,0.032164928
2025,J.Mitchell,2.244155,0.13200912
2025,J.Mundt,3.6655006,0.21561769
2025,J.Nailor,14.373859,0.84552115
2025,J.Noel,8.779592,0.5164466
2025,J.Oliver,7.1864796,0.42273408
2025,J.Palmer,9.295791,0.5468112
2025,J.Patterson,0.60460186,0.035564814
2025,J.Proche,3.7694683,0.22173344
2025,J.Reed,8.066996,0.47452915
2025,J.Reynolds,-2.4222083,0.0
2025,J.Ruckert,9.389764,0.5523391
2025,J.Sanders,3.0409698,0.17888057
2025,J.Saylors,-1.05897,0.0
2025,J.Simmons,0.56394607,0.033173297
2025,J.Smith,4.5746813,0.2690989
2025,J.Smith-Njigba,82.82587,4.87211
2025,J.Smith-Schuster,6.6380157,0.39047152
2025,J.Stidham,0.0,0.0
2025,J.Stoll,-4.7796345,0.0
2025,J.Taylor,30.519121,1.7952424
2025,J.Thrash,2.350799,0.1382823
2025,J.Tolbert,3.7267544,0.21922085
2025,J.Tonges,10.168428,0.59814286
2025,J.Waddle,38.085384,2.2403166
2025,J.Warren,2.1819878,0.12835222
2025,J.Watkins,0.9922397,0.058367044
2025,J.Watson,1.3515022,0.07950013
2025,J.Wayne,0.59452236,0.034971904
2025,J.Westover,-0.534752,0.0
2025,J.Whittington,0.42449713,0.02497042
2025,J.Whyle,1.7260342,0.10153142
2025,J.Wiley,2.565646,0.15092035
2025,J.Williams,32.110878,1.8888751
2025,J.Winston,22.90319,1.3472465
2025,J.Wright,-4.6783986,0.0
2025,Ja.Jones,1.5626438,0.09192022
2025,Ji.Horn,5.656493,0.33273488
2025,K.Allen,33.992428,1.9995546
2025,K.Austin,-0.6896218,0.0
2025,K.Bourne,24.364382,1.4331989
2025,K.Boutte,39.952824,2.350166
2025,K.Coleman,10.502684,0.61780494
2025,K.Cousins,-12.380977,0.0
2025,K.Gainwell,1.1516423,0.06774367
2025,K.Granson,-1.3680692,0.0
2025,K.Herbert,-0.90132284,0.0
2025,K.Hodge,-2.792162,0.0
2025,K.Hunt,11.939037,0.7022963
2025,K.Johnson,-6.8907304,0.0
2025,K.Juszczyk,5.369218,0.31583634
2025,K.Lambert-Smith,1.9165013,0.11273537
2025,K.Latu,-0.44048846,0.0
2025,K.Miller,-3.2938418,0.0
2025,K.Milton,0.858441,0.05049653
2025,K.Mitchell,2.603662,0.1531566
2025,K.Monangai,-2.3473182,0.0
2025,K.Mullings,0.5264015,0.030964796
2025,K.Mumpfield,1.6791215,0.098771855
2025,K.Murray,9.809339,0.57701993
2025,K.Pickett,-21.47046,0.0
2025,K.Pitts,16.826618,0.98980105
2025,K.Raymond,7.396726,0.43510154
2025,K.Shakir,10.668649,0.6275676
2025,K.Slovis,-2.1466315,0.0
2025,K.Turpin,6.902519,0.40603054
2025,K.Vidal,-10.128796,0.0
2025,K.Walker,-13.780195,0.0
2025,K.Williams,26.59134,1.5641965
2025,L.Allen,-5.495073,0.0
2025,L.Burden,17.525866,1.0309333
2025,L.Farrell,3.545898,0.20858224
2025,L.Humphrey,8.256019,0.48564816
2025,L.Jackson,12.522557,0.736621
2025,L.Krull,-2.383334,0.0
2025,L.McCaffrey,9.451311,0.55595946
2025,L.McConkey,4.272968,0.25135106
2025,L.Musgrave,6.7553644,0.3973744
2025,L.Schoonmaker,1.773659,0.10433288
2025,L.Wypler,-0.24714014,0.0
2025,M.Alie-Cox,-7.205852,0.0
2025,M.Andrews,6.730485,0.3959109
2025,M.Bandy,5.3210893,0.31300524
2025,M.Brosmer,-34.994232,0.0
2025,M.Brown,25.143911,1.4790536
2025,M.Carter,-2.439948,0.0
2025,M.Corley,5.9857206,0.3521012
2025,M.Cunningham,-0.49753964,0.0
2025,M.Davis,-1.0159867,0.0
2025,M.Evans,6.697995,0.39399973
2025,M.Gaskin,-1.5420904,0.0
2025,M.Gesicki,-6.382789,0.0
2025,M.Golden,21.335144,1.2550085
2025,M.Hardman,-0.5083635,0.0
2025,M.Harrison,31.94497,1.8791158
2025,M.Heath,6.9498253,0.40881324
2025,M.Hollins,22.839622,1.3435072
2025,M.Jones,36.013077,2.1184163
2025,M.Kinsey,1.2201937,0.0717761
2025,M.Mariota,6.239518,0.36703047
2025,M.Mayer,-8.4167,0.0
2025,M.Mims,11.174112,0.6573007
2025,M.Nabers,2.308889,0.13581699
2025,M.Penix,5.997526,0.35279566
2025,M.Pittman,24.369572,1.4335042
2025,M.Rudolph,3.8445358,0.22614917
2025,M.Sanders,-3.4022675,0.0
2025,M.Stafford,70.73763,4.1610374
2025,M.Taylor,9.696051,0.5703559
2025,M.Tinsley,3.5072665,0.2063098
2025,M.Tipton,-9.888529,0.0
2025,M.Trubisky,-0.63676214,0.0
2025,M.Turner,-0.56527466,0.0
2025,M.Valdes-Scantling,0.771451,0.04537947
2025,M.Washington,-10.488816,0.0
2025,M.Willis,2.4077876,0.14163457
2025,M.Wilson,-8.114021,0.0
2025,Mi.Wilson,23.190248,1.3641323
2025,N.Adkins,-0.098318696,0.0
2025,N.Brown,2.2840257,0.13435446
2025,N.Carter,-1.6329567,0.0
2025,N.Chubb,-14.810848,0.0
2025,N.Collins,35.334995,2.0785291
2025,N.Fant,-2.488082,0.0
2025,N.Gray,-6.8431783,0.0
2025,N.Harris,0.9730011,0.05723536
2025,N.Kallerup,-0.55543333,0.0
2025,N.Miller-Hines,-1.5138824,0.0
2025,N.Mullens,-3.00416,0.0
2025,N.Remigio,2.8193712,0.16584536
2025,N.Westbrook-Ikhine,1.1621397,0.068361156
2025,O.Gadsden,19.655743,1.1562202
2025,O.Gordon,-7.7198305,0.0
2025,O.Hampton,3.932293,0.23131135
2025,O.Wright,-1.0496609,0.0
2025,O.Zaccheaus,-2.860363,0.0
2025,P.Brown,-0.88537693,0.0
2025,P.Bryant,12.978241,0.76342595
2025,P.Durham,-0.7306694,0.0
2025,P.Freiermuth,17.70513,1.0414782
2025,P.Mahomes,94.87258,5.58074
2025,P.Nacua,94.35176,5.5501037
2025,P.Ricard,-0.18684006,0.0
2025,P.Rivers,-3.679764,0.0
2025,P.Washington,6.7491865,0.39701098
2025,Q.Ewers,-4.044713,0.0
2025,Q.Johnston,8.6039,0.50611174
2025,Q.Judkins,-29.28541,0.0
2025,Q.Morris,-2.5871372,0.0
2025,R.Ali,-0.0837549,0.0
2025,R.Bateman,-0.2684281,0.0
2025,R.Chosen,-0.271116,0.0
2025,R.Davis,-4.8413634,0.0
2025,R.Doubs,20.826302,1.2250766
2025,R.Dowdle,10.028585,0.58991677
2025,R.Dwelley,-2.5642958,0.0
2025,R.Flournoy,21.061016,1.2388833
2025,R.Gilliam,-1.3782088,0.0
2025,R.Harvey,-1.6041412,0.0
2025,R.Johnson,1.3584852,0.0799109
2025,R.Leonard,-4.774742,0.0
2025,R.McCloud,-9.451976,0.0
2025,R.Miller,-0.70493054,0.0
2025,R.Mostert,-7.3167195,0.0
2025,R.Odunze,20.892721,1.2289836
2025,R.Pearsall,15.814721,0.9302777
2025,R.Rice,17.88195,1.0518794
2025,R.Rivers,-1.4028683,0.0
2025,R.Sanders,3.3843741,0.19908082
2025,R.Shaheed,3.043197,0.17901158
2025,R.Stevenson,-28.554794,0.0
2025,R.Thomas,2.11605,0.12447353
2025,R.Tonyan,-0.51853365,0.0
2025,R.White,5.2976713,0.31162772
2025,R.Wilson,-12.89369,0.0
2025,S.Anderson,-0.00779022,0.0
2025,S.Barkley,-32.64202,0.0
2025,S.Darnold,67.53731,3.9727829
2025,S.Diggs,44.46525,2.6156027
2025,S.Jackson,3.363243,0.19783783
2025,S.LaPorta,36.42784,2.1428142
2025,S.Matlock,0.78445095,0.046144173
2025,S.Miller,-0.11477655,0.0
2025,S.Moore,2.234516,0.13144211
2025,S.Perine,-5.536359,0.0
2025,S.Rattler,-32.689766,0.0
2025,S.Sanders,-41.352623,0.0
2025,S.Shepard,-2.6437492,0.0
2025,S.Smartt,-0.49197906,0.0
2025,S.Tucker,-3.241011,0.0
2025,S.Vaki,-0.88156277,0.0
2025,S.Williams,-2.5107126,0.0
2025,T.Allgeier,-0.03211212,0.0
2025,T.Atwell,3.5803382,0.21060812
2025,T.Badie,-1.4801421,0.0
2025,T.Bagent,1.9339294,0.11376055
2025,T.Benson,-8.281561,0.0
2025,T.Bigsby,0.6200571,0.03647395
2025,T.Bridgewater,-12.517333,0.0
2025,T.Brooks,-10.518618,0.0
2025,T.Burks,-1.3793473,0.0
2025,T.Conklin,-3.2509468,0.0
2025,T.Conner,-6.5083504,0.0
2025,T.Etienne,-3.4884367,0.0
2025,T.Felton,0.13090059,0.007700035
2025,T.Ferguson,4.3507347,0.25592557
2025,T.Fisk,-0.88927287,0.0
2025,T.Franklin,5.250125,0.3088309
2025,T.Goodson,-2.4530892,0.0
2025,T.Harris,8.350361,0.4911977
2025,T.Henderson,15.856568,0.9327393
2025,T.Higbee,1.2893045,0.07584144
2025,T.Higgins,33.195713,1.952689
2025,T.Hill,5.9679737,0.3510573
2025,T.Hockenson,13.408031,0.78870773
2025,T.Homer,-1.3661332,0.0
2025,T.Horton,10.245776,0.6026927
2025,T.Hudson,-3.1909084,0.0
2025,T.Hunter,-2.9682813,0.0
2025,T.Huntley,4.6705785,0.27473992
2025,T.Jennings,3.0482993,0.17931172
2025,T.Johnson,39.87328,2.345487
2025,T.Jones,1.0751921,0.06324659
2025,T.Kelce,40.4352,2.3785412
2025,T.Kennedy,4.502743,0.26486722
2025,T.Kraft,38.442764,2.2613392
2025,T.Lance,-9.901207,0.0
2025,T.Lawrence,35.625652,2.0956266
2025,T.Lockett,-2.647965,0.0
2025,T.Martin,2.532495,0.14897029
2025,T.McBride,70.698906,4.158759
2025,T.McKee,1.9106474,0.112391025
2025,T.McLaurin,15.830914,0.9312302
2025,T.McMillan,26.189688,1.5405699
2025,T.Patrick,6.2745237,0.36908963
2025,T.Penning,-0.9967377,0.0
2025,T.Pollard,-33.75193,0.0
2025,T.Reiman,0.006676674,0.0003927455
2025,T.Shavers,8.721449,0.5130264
2025,T.Sherfield,-0.8546746,0.0
2025,T.Shough,-16.474379,0.0
2025,T.Spears,2.0961945,0.12330556
2025,T.Tagovailoa,0.79685926,0.046874076
2025,T.Taylor,-7.9016676,0.0
2025,T.Thornton,26.248133,1.5440078
2025,T.Tracy,-6.347413,0.0
2025,T.Tremble,3.6962328,0.21742547
2025,T.Tucker,15.974236,0.9396609
2025,T.Wallace,1.511378,0.08890459
2025,T.Warren,23.669231,1.3923078
2025,T.Washington,-6.1733027,0.0
2025,T.Williams,-4.350058,0.0
2025,T.Wirfs,2.9882185,0.17577755
2025,Ty.Johnson,12.907669,0.75927466
2025,U.Bentley,-0.79516953,0.0
2025,V.Jefferson,2.549148,0.1499499
2025,V.Jones,1.1521459,0.06777328
2025,W.Dissly,0.77197444,0.04541026
2025,W.Marks,-17.88752,0.0
2025,W.Robinson,20.507261,1.2063094
2025,W.Shipley,-3.4185195,0.0
2025,X.Gipson,-0.6137133,0.0
2025,X.Hutchinson,13.06733,0.7686665
2025,X.Legette,-5.0487976,0.0
2025,X.Restrepo,3.0452237,0.17913081
2025,X.Smith,9.768415,0.5746127
2025,X.Weaver,-3.874019,0.0
2025,X.Worthy,19.245758,1.1321034
2025,Z.Charbonnet,-11.424707,0.0
2025,Z.Ertz,11.710296,0.6888409
2025,Z.Flowers,27.647005,1.6262944
2025,Z.Jones,5.6025214,0.32956007
2025,Z.Knight,-14.982863,0.0
2025,Z.Mitchell-Paden,1.1455184,0.06738344
2025,Z.Scott,-10.564878,0.0
2025,Z.White,-9.316484,0.0
2025,Z.Wilson,-5.3974447,0.0
